APN名称,项目名称,地市,区县,关联UPF,关联基站,关联专线,隧道编号,关联DCGW,项目类型,推送群ID,切片ID,,,,,,,,,,,,,,,,,,,,,,,,,,,,,,,,,,,,,,,,,,,,,,,,,,,,,,,,,,,,,,,,,,,,,,,,,,,,,,,,,,,,,,,,,,,,,,,,,,,,,,,,,,,,,,,,,,,,,,,,,,,,,,,,,,,,,,,,,,,,,,,,,,,,,,,,,,,,,,,,,,,,,,,,,,,,,,,,,,,,,,,,,,,,,,,,,,,,,,,,,,,,,,,,,,,,,,,,,,,,,,,,,,,,,,,,,,,,,,,,
cmiot5gjiuli.zj,湖州久立5G工厂数字化平台建设项目,湖州,吴兴区,HUZUPFm001BHW|HUZUPFm002BHW,E11576732HZWXjiulijituanlengzhayichangSF_NR|E11576701HZNXshuanglinjiulichejianSF_NR|E11579152HZNXshuanglinjiulichejianSF_NR|E11579154HZNXjiulichejiandahanguanchejianDOTSF_NR|E11579152HZNXshuanglinjiulichejianSF_NR|E11578627HZWXjiulijituanlengzhasanchangSF_NR|E11579153HZNXjiulichejianxiaohanguanchejianSF_NR|E11576727HZWXjiulijituanlenzhawuchangSF_NR|E11576750HZWXjiulichuankonghejiyafenchangSF_NR|E11578797HZWXjiulijituanlengzhaerchangSF_NR,,,ZJHUZ_FHL#4F_A09_HUZUPFm001BHW_DCGW01|ZJHUZ_FHL#4F_B08_HUZUPFm001BHW_DCGW02,5G专网,,,,,,,,,,,,,,,,,,,,,,,,,,,,,,,,,,,,,,,,,,,,,,,,,,,,,,,,,,,,,,,,,,,,,,,,,,,,,,,,,,,,,,,,,,,,,,,,,,,,,,,,,,,,,,,,,,,,,,,,,,,,,,,,,,,,,,,,,,,,,,,,,,,,,,,,,,,,,,,,,,,,,,,,,,,,,,,,,,,,,,,,,,,,,,,,,,,,,,,,,,,,,,,,,,,,,,,,,,,,,,,,,,,,,,,,,,,,,,,,,,
cmiot5gwzgajcs.zj,温州市公安局5G专网项目,温州,鹿城区,WZHUPFm001BHW|WZHUPFm002BHW,,,tunnel9,"ZJWZH_BH#2F_B11_WZHUPFM01BHW_DCGW01|ZJWZH_BH#2F_A13_WZHUPFM01BHW_DCGW02
",5G专网,,,,,,,,,,,,,,,,,,,,,,,,,,,,,,,,,,,,,,,,,,,,,,,,,,,,,,,,,,,,,,,,,,,,,,,,,,,,,,,,,,,,,,,,,,,,,,,,,,,,,,,,,,,,,,,,,,,,,,,,,,,,,,,,,,,,,,,,,,,,,,,,,,,,,,,,,,,,,,,,,,,,,,,,,,,,,,,,,,,,,,,,,,,,,,,,,,,,,,,,,,,,,,,,,,,,,,,,,,,,,,,,,,,,,,,,,,,,,,,,,,
cmiot5gnbgwdl.zj,宁波供电公司5G硬切片专项试点示范项目,宁波,海曙区,NBOGDJUPFm001CHW,H11550092宁波鄞州保利印江南二期NR|H11546861宁波北仑北仑交警队NR|H11546789宁波北仑科技园区NR|H11546763宁波北仑宏达机械NR|H11546712宁波北仑日益五金NR|H11546828宁波北仑十四房NR|H11546826宁波北仑芦山村NR,,无隧道,NBOGDJUPFm001CHW_DCGW01|NBOGDJUPFm001CHW_DCGW02,5G专网,,,,,,,,,,,,,,,,,,,,,,,,,,,,,,,,,,,,,,,,,,,,,,,,,,,,,,,,,,,,,,,,,,,,,,,,,,,,,,,,,,,,,,,,,,,,,,,,,,,,,,,,,,,,,,,,,,,,,,,,,,,,,,,,,,,,,,,,,,,,,,,,,,,,,,,,,,,,,,,,,,,,,,,,,,,,,,,,,,,,,,,,,,,,,,,,,,,,,,,,,,,,,,,,,,,,,,,,,,,,,,,,,,,,,,,,,,,,,,,,,,
cmiot5gdlnbmjfk.zj,宁波供电公司5G硬切片专项试点示范项目,宁波,海曙区,NBOGDJUPFm001CHW,H11550092宁波鄞州保利印江南二期NR|H11546861宁波北仑北仑交警队NR|H11546789宁波北仑科技园区NR|H11546763宁波北仑宏达机械NR|H11546712宁波北仑日益五金NR|H11546828宁波北仑十四房NR|H11546826宁波北仑芦山村NR,,无隧道,NBOGDJUPFm001CHW_DCGW01|NBOGDJUPFm001CHW_DCGW02,5G专网,,,,,,,,,,,,,,,,,,,,,,,,,,,,,,,,,,,,,,,,,,,,,,,,,,,,,,,,,,,,,,,,,,,,,,,,,,,,,,,,,,,,,,,,,,,,,,,,,,,,,,,,,,,,,,,,,,,,,,,,,,,,,,,,,,,,,,,,,,,,,,,,,,,,,,,,,,,,,,,,,,,,,,,,,,,,,,,,,,,,,,,,,,,,,,,,,,,,,,,,,,,,,,,,,,,,,,,,,,,,,,,,,,,,,,,,,,,,,,,,,,
cmiot5gzhgk.zj,浙江宁波舟山港5G智慧港口项目,宁波,北仑区,NBOUPFm001BHW|NBOUPFm002BHW,H11554575宁波北仑梅山汇聚机房政企CRAN|H11554574宁波北仑梅山汇聚机房政企CRAN|H11554573宁波北仑梅山汇聚机房政企CRAN|H11553020-宁波北仑梅山汇聚CRAN-H5H|H11677699-宁波北仑梅山汇聚机房CRAN-H5H,,tunnel6,ZJNBO_YSL2F_C12_NBOUPFm002BHW_DCGW01|ZJNBO_YSL2F_D12_NBOUPFm002BHW_DCGW02,5G专网,,,,,,,,,,,,,,,,,,,,,,,,,,,,,,,,,,,,,,,,,,,,,,,,,,,,,,,,,,,,,,,,,,,,,,,,,,,,,,,,,,,,,,,,,,,,,,,,,,,,,,,,,,,,,,,,,,,,,,,,,,,,,,,,,,,,,,,,,,,,,,,,,,,,,,,,,,,,,,,,,,,,,,,,,,,,,,,,,,,,,,,,,,,,,,,,,,,,,,,,,,,,,,,,,,,,,,,,,,,,,,,,,,,,,,,,,,,,,,,,,,
cmiot5gsxyczdyl.zj,振德医疗用品股份有限公司5G智慧数据传输服务项目,绍兴,越城区,HZUPFm001BHW|HZUPFm002BHW,H11584444绍兴皋埠振德医疗有限公司研发楼SFNR,,tunnel201,ZJHZ_CYY4#6F_J21_HZUPFm001BHW_DCGW01|ZJHZ_CYY4#6F_I24_HZUPFm001BHW_DCGW02,5G专网,,,,,,,,,,,,,,,,,,,,,,,,,,,,,,,,,,,,,,,,,,,,,,,,,,,,,,,,,,,,,,,,,,,,,,,,,,,,,,,,,,,,,,,,,,,,,,,,,,,,,,,,,,,,,,,,,,,,,,,,,,,,,,,,,,,,,,,,,,,,,,,,,,,,,,,,,,,,,,,,,,,,,,,,,,,,,,,,,,,,,,,,,,,,,,,,,,,,,,,,,,,,,,,,,,,,,,,,,,,,,,,,,,,,,,,,,,,,,,,,,,
cmiot5gjddqnb.zj,吉德电器“5G+未来工厂”,宁波,宁海县,NBOUPFm001BHW|NBOUPFm002BHW,Z11551240宁波宁海吉德电器AB车间SFNR,,tunnel9,ZJNBO_YSL2F_C12_NBOUPFm002BHW_DCGW01|ZJNBO_YSL2F_D12_NBOUPFm002BHW_DCGW02,5G专网,,,,,,,,,,,,,,,,,,,,,,,,,,,,,,,,,,,,,,,,,,,,,,,,,,,,,,,,,,,,,,,,,,,,,,,,,,,,,,,,,,,,,,,,,,,,,,,,,,,,,,,,,,,,,,,,,,,,,,,,,,,,,,,,,,,,,,,,,,,,,,,,,,,,,,,,,,,,,,,,,,,,,,,,,,,,,,,,,,,,,,,,,,,,,,,,,,,,,,,,,,,,,,,,,,,,,,,,,,,,,,,,,,,,,,,,,,,,,,,,,,
cmiot5glhlyyabc.zj,浙江省宁波市李惠利医院5G专网项目,宁波,鄞州区,NBOUPFm001BHW|NBOUPFm002BHW,H11551758宁波鄞州李惠利医院东部院区2政企SFNR|H11551759宁波鄞州李惠利医院东部办公楼政企SFNR|H11551990宁波鄞州李惠利医院东部院区SFNR,,tunnel4,ZJNBO_YSL2F_C12_NBOUPFm002BHW_DCGW01|ZJNBO_YSL2F_D12_NBOUPFm002BHW_DCGW02,5G专网,,,,,,,,,,,,,,,,,,,,,,,,,,,,,,,,,,,,,,,,,,,,,,,,,,,,,,,,,,,,,,,,,,,,,,,,,,,,,,,,,,,,,,,,,,,,,,,,,,,,,,,,,,,,,,,,,,,,,,,,,,,,,,,,,,,,,,,,,,,,,,,,,,,,,,,,,,,,,,,,,,,,,,,,,,,,,,,,,,,,,,,,,,,,,,,,,,,,,,,,,,,,,,,,,,,,,,,,,,,,,,,,,,,,,,,,,,,,,,,,,,
cmiot5gnbfhyy.zj,宁波市奉化区人民医院移动推车查房项目,宁波,奉化区,NBOUPFm001BHW|NBOUPFm002BHW,Z11550632宁波奉化人民医院SFNR-2T,,tunnel16,ZJNBO_YSL2F_C12_NBOUPFm002BHW_DCGW01|ZJNBO_YSL2F_D12_NBOUPFm002BHW_DCGW02,5G专网,,,,,,,,,,,,,,,,,,,,,,,,,,,,,,,,,,,,,,,,,,,,,,,,,,,,,,,,,,,,,,,,,,,,,,,,,,,,,,,,,,,,,,,,,,,,,,,,,,,,,,,,,,,,,,,,,,,,,,,,,,,,,,,,,,,,,,,,,,,,,,,,,,,,,,,,,,,,,,,,,,,,,,,,,,,,,,,,,,,,,,,,,,,,,,,,,,,,,,,,,,,,,,,,,,,,,,,,,,,,,,,,,,,,,,,,,,,,,,,,,,
cmiot5ghczc.zj,浙江省宁波慈溪环驰轴承5G专网项目,宁波,慈溪市,NBOUPFm001BHW|NBOUPFm002BHW,H11554159-宁波慈溪横河环驰集团-H5W,,tunnel10,ZJNBO_YSL2F_C12_NBOUPFm002BHW_DCGW01|ZJNBO_YSL2F_D12_NBOUPFm002BHW_DCGW02,5G专网,,,,,,,,,,,,,,,,,,,,,,,,,,,,,,,,,,,,,,,,,,,,,,,,,,,,,,,,,,,,,,,,,,,,,,,,,,,,,,,,,,,,,,,,,,,,,,,,,,,,,,,,,,,,,,,,,,,,,,,,,,,,,,,,,,,,,,,,,,,,,,,,,,,,,,,,,,,,,,,,,,,,,,,,,,,,,,,,,,,,,,,,,,,,,,,,,,,,,,,,,,,,,,,,,,,,,,,,,,,,,,,,,,,,,,,,,,,,,,,,,,
cmiot5gwzztsc.zj,温州正泰电器股份数据采集,温州,乐清市,WZHUPFm001BHW|WZHUPFm002BHW,H11555092乐清大桥工业区汇聚CRAN|H11557236乐清白象白鹭屿自营厅NR|H11557421乐清正泰二NR|H11558779温州乐清正泰高科楼SFNR|H11558313温州乐清新亚电子SFNR|H11562895温州乐清正泰仪表SF|H11562977温州乐清正泰101园区厂房SF,,tunnel7,"ZJWZH_BH#2F_B11_WZHUPFM01BHW_DCGW01|ZJWZH_BH#2F_A13_WZHUPFM01BHW_DCGW02
",5G专网,,,,,,,,,,,,,,,,,,,,,,,,,,,,,,,,,,,,,,,,,,,,,,,,,,,,,,,,,,,,,,,,,,,,,,,,,,,,,,,,,,,,,,,,,,,,,,,,,,,,,,,,,,,,,,,,,,,,,,,,,,,,,,,,,,,,,,,,,,,,,,,,,,,,,,,,,,,,,,,,,,,,,,,,,,,,,,,,,,,,,,,,,,,,,,,,,,,,,,,,,,,,,,,,,,,,,,,,,,,,,,,,,,,,,,,,,,,,,,,,,,
cmiot5gllsbmjs1.zj,宁波劳伦斯表面技术有限公司,宁波,象山县,NBOUPFm001BHW|NBOUPFm002BHW,Z11550839宁波象山荣泰机房CRAN|Z11550843宁波象山荣泰机房CRAN,,tunnel18,ZJNBO_YSL2F_C12_NBOUPFm002BHW_DCGW01|ZJNBO_YSL2F_D12_NBOUPFm002BHW_DCGW02,5G专网,,,,,,,,,,,,,,,,,,,,,,,,,,,,,,,,,,,,,,,,,,,,,,,,,,,,,,,,,,,,,,,,,,,,,,,,,,,,,,,,,,,,,,,,,,,,,,,,,,,,,,,,,,,,,,,,,,,,,,,,,,,,,,,,,,,,,,,,,,,,,,,,,,,,,,,,,,,,,,,,,,,,,,,,,,,,,,,,,,,,,,,,,,,,,,,,,,,,,,,,,,,,,,,,,,,,,,,,,,,,,,,,,,,,,,,,,,,,,,,,,,
cmiot5gfhlhnb.zj,宁波铝宏汽车零部件有限公司,宁波,奉化区,NBOUPFm001BHW|NBOUPFm002BHW,Z11551103-宁波奉化铝宏汽车零部件有限公司-Z5W,,tunnel24,ZJNBO_YSL2F_C12_NBOUPFm002BHW_DCGW01|ZJNBO_YSL2F_D12_NBOUPFm002BHW_DCGW02,5G专网,,,,,,,,,,,,,,,,,,,,,,,,,,,,,,,,,,,,,,,,,,,,,,,,,,,,,,,,,,,,,,,,,,,,,,,,,,,,,,,,,,,,,,,,,,,,,,,,,,,,,,,,,,,,,,,,,,,,,,,,,,,,,,,,,,,,,,,,,,,,,,,,,,,,,,,,,,,,,,,,,,,,,,,,,,,,,,,,,,,,,,,,,,,,,,,,,,,,,,,,,,,,,,,,,,,,,,,,,,,,,,,,,,,,,,,,,,,,,,,,,,
cmiot5gjhhhslgs.zj,金华辉煌三联,金华,婺城区,JIHUPFm001BHW|JIHUPFm002BHW,H11574186婺城永得利科技NR-2B辅站|H11574188婺城神丽路NR-2B辅站|H11574435婺城巴奥米特医药NR-2B辅站|H11574502婺城华港工具NR-2B辅站|H11574503婺城唐宅NR-2B辅站|H11574916金华婺城辉煌三联SFNR-2B主站|H11574679婺城模具城二NR-2B辅站|H11574694婺城东晶博蓝特NR-2B辅站,,tunnel1,JZJHA_YSN#4F_F01_JHAUPFm001BHW_DCGW01|JZJHA_YSN#4F_G01_JHAUPFm001BHW_DCGW02,5G专网,,,,,,,,,,,,,,,,,,,,,,,,,,,,,,,,,,,,,,,,,,,,,,,,,,,,,,,,,,,,,,,,,,,,,,,,,,,,,,,,,,,,,,,,,,,,,,,,,,,,,,,,,,,,,,,,,,,,,,,,,,,,,,,,,,,,,,,,,,,,,,,,,,,,,,,,,,,,,,,,,,,,,,,,,,,,,,,,,,,,,,,,,,,,,,,,,,,,,,,,,,,,,,,,,,,,,,,,,,,,,,,,,,,,,,,,,,,,,,,,,,
cmiot5gcmictnb2.zj,宁波大榭招商国际码头有限公司,宁波,北仑区,NBOUPFm001BHW|NBOUPFm002BHW,H11677828-宁波北仑招商码头主机房CRAN-H5H|H11550385-宁波北仑招商码头主机房CRAN-H5H|H11550406-宁波北仑招商码头主机房CRAN-H5H|H11550412-宁波北仑招商码头主机房CRAN-H5H|H11549450-宁波北仑招商码头主机房CRAN-H5H|H11550398-宁波北仑招商码头主机房CRAN-H5H,,无隧道,ZJNBO_YSL2F_C12_NBOUPFm002BHW_DCGW01|ZJNBO_YSL2F_D12_NBOUPFm002BHW_DCGW02,5G专网,,,,,,,,,,,,,,,,,,,,,,,,,,,,,,,,,,,,,,,,,,,,,,,,,,,,,,,,,,,,,,,,,,,,,,,,,,,,,,,,,,,,,,,,,,,,,,,,,,,,,,,,,,,,,,,,,,,,,,,,,,,,,,,,,,,,,,,,,,,,,,,,,,,,,,,,,,,,,,,,,,,,,,,,,,,,,,,,,,,,,,,,,,,,,,,,,,,,,,,,,,,,,,,,,,,,,,,,,,,,,,,,,,,,,,,,,,,,,,,,,,
cmiot5ggpjhj.zj,金华杭机股份5G+高精磨床云智造项目,金华,浦江县,JIHUPFm001BHW|JIHUPFm002BHW,,,无隧道,JZJHA_YSN#4F_F01_JHAUPFm001BHW_DCGW01|JZJHA_YSN#4F_G01_JHAUPFm001BHW_DCGW02,5G专网,,,,,,,,,,,,,,,,,,,,,,,,,,,,,,,,,,,,,,,,,,,,,,,,,,,,,,,,,,,,,,,,,,,,,,,,,,,,,,,,,,,,,,,,,,,,,,,,,,,,,,,,,,,,,,,,,,,,,,,,,,,,,,,,,,,,,,,,,,,,,,,,,,,,,,,,,,,,,,,,,,,,,,,,,,,,,,,,,,,,,,,,,,,,,,,,,,,,,,,,,,,,,,,,,,,,,,,,,,,,,,,,,,,,,,,,,,,,,,,,,,
cmiot5gzjjsxcls.zj,绍兴浙江锦盛新材料股份有限公司5G智慧数据传输服务项目,绍兴,上虞区,HZUPFm001BHW|HZUPFm002BHW,H11586299上虞沥海锦盛新材料有限公司SFNR,,tunnel202,ZJHZ_CYY4#6F_J21_HZUPFm001BHW_DCGW01|ZJHZ_CYY4#6F_I24_HZUPFm001BHW_DCGW02,5G专网,,,,,,,,,,,,,,,,,,,,,,,,,,,,,,,,,,,,,,,,,,,,,,,,,,,,,,,,,,,,,,,,,,,,,,,,,,,,,,,,,,,,,,,,,,,,,,,,,,,,,,,,,,,,,,,,,,,,,,,,,,,,,,,,,,,,,,,,,,,,,,,,,,,,,,,,,,,,,,,,,,,,,,,,,,,,,,,,,,,,,,,,,,,,,,,,,,,,,,,,,,,,,,,,,,,,,,,,,,,,,,,,,,,,,,,,,,,,,,,,,,
cmiot5gfhadsd.zj,宁波浙江奥迪斯丹科技有限公司,宁波,奉化区,NBOUPFm001BHW|NBOUPFm002BHW,Z11551428-宁波奉化奥迪斯丹-Z5W,,tunnel26,ZJNBO_YSL2F_C12_NBOUPFm002BHW_DCGW01|ZJNBO_YSL2F_D12_NBOUPFm002BHW_DCGW02,5G专网,,,,,,,,,,,,,,,,,,,,,,,,,,,,,,,,,,,,,,,,,,,,,,,,,,,,,,,,,,,,,,,,,,,,,,,,,,,,,,,,,,,,,,,,,,,,,,,,,,,,,,,,,,,,,,,,,,,,,,,,,,,,,,,,,,,,,,,,,,,,,,,,,,,,,,,,,,,,,,,,,,,,,,,,,,,,,,,,,,,,,,,,,,,,,,,,,,,,,,,,,,,,,,,,,,,,,,,,,,,,,,,,,,,,,,,,,,,,,,,,,,
cmiot5gtps520.zj,湖州浙江泰普森实业集团有限公司德清分公司,湖州,德清县,HUZUPFm001BHW|HUZUPFm002BHW,E11576005HZDQwukangheduli_NR|E11575814HZDQtaipusenweiyeluchangquyiqiSF_NR,,tunnel2,ZJHUZ_FHL#4F_A09_HUZUPFm001BHW_DCGW01|ZJHUZ_FHL#4F_B08_HUZUPFm001BHW_DCGW02,5G专网,,,,,,,,,,,,,,,,,,,,,,,,,,,,,,,,,,,,,,,,,,,,,,,,,,,,,,,,,,,,,,,,,,,,,,,,,,,,,,,,,,,,,,,,,,,,,,,,,,,,,,,,,,,,,,,,,,,,,,,,,,,,,,,,,,,,,,,,,,,,,,,,,,,,,,,,,,,,,,,,,,,,,,,,,,,,,,,,,,,,,,,,,,,,,,,,,,,,,,,,,,,,,,,,,,,,,,,,,,,,,,,,,,,,,,,,,,,,,,,,,,
cmiot5gftcj2.zj,宁波方太厨具有限公司,宁波, 慈溪市,NBOFTUPFm001CHW|NBOFTUPFm002CHW,H11677821-宁波慈溪方太三工厂3至4号楼-H5W,,tunnel37,NBOFTUPFm001CHW_DCGW01|NBOFTUPFm002CHW_DCGW02,5G专网,,,,,,,,,,,,,,,,,,,,,,,,,,,,,,,,,,,,,,,,,,,,,,,,,,,,,,,,,,,,,,,,,,,,,,,,,,,,,,,,,,,,,,,,,,,,,,,,,,,,,,,,,,,,,,,,,,,,,,,,,,,,,,,,,,,,,,,,,,,,,,,,,,,,,,,,,,,,,,,,,,,,,,,,,,,,,,,,,,,,,,,,,,,,,,,,,,,,,,,,,,,,,,,,,,,,,,,,,,,,,,,,,,,,,,,,,,,,,,,,,,
cmiot5gdlhzpwzd.zj,国网浙江省电力有限公司杭州供电公司配网自动化,杭州,上城区,HZGWHZGDUPFm001CHW,,,无隧道,HZGWHZGDUPFm001CHW_DCGW01|HZGWHZGDUPFm001CHW_DCGW02,5G专网,,,,,,,,,,,,,,,,,,,,,,,,,,,,,,,,,,,,,,,,,,,,,,,,,,,,,,,,,,,,,,,,,,,,,,,,,,,,,,,,,,,,,,,,,,,,,,,,,,,,,,,,,,,,,,,,,,,,,,,,,,,,,,,,,,,,,,,,,,,,,,,,,,,,,,,,,,,,,,,,,,,,,,,,,,,,,,,,,,,,,,,,,,,,,,,,,,,,,,,,,,,,,,,,,,,,,,,,,,,,,,,,,,,,,,,,,,,,,,,,,,
cmiot5ggxhwj.zj,金华新辉五金,金华,兰溪市,JIHUPFm001BHW|JIHUPFm002BHW,H11574795金华兰溪新辉五金SF+LSNR-2B主站,,tunnel139,JZJHA_YSN#4F_F01_JHAUPFm001BHW_DCGW01|JZJHA_YSN#4F_G01_JHAUPFm001BHW_DCGW02,5G专网,,,,,,,,,,,,,,,,,,,,,,,,,,,,,,,,,,,,,,,,,,,,,,,,,,,,,,,,,,,,,,,,,,,,,,,,,,,,,,,,,,,,,,,,,,,,,,,,,,,,,,,,,,,,,,,,,,,,,,,,,,,,,,,,,,,,,,,,,,,,,,,,,,,,,,,,,,,,,,,,,,,,,,,,,,,,,,,,,,,,,,,,,,,,,,,,,,,,,,,,,,,,,,,,,,,,,,,,,,,,,,,,,,,,,,,,,,,,,,,,,,
cmiot5ghtjsnb.zj,宁波保税区海天智胜金属成型设备有限公司,宁波,北仑区,NBOUPFm001BHW|NBOUPFm002BHW,H11546719宁波北仑湖塘接入机房CRAN,,tunnel42,ZJNBO_YSL2F_C12_NBOUPFm002BHW_DCGW01|ZJNBO_YSL2F_D12_NBOUPFm002BHW_DCGW02,5G专网,,,,,,,,,,,,,,,,,,,,,,,,,,,,,,,,,,,,,,,,,,,,,,,,,,,,,,,,,,,,,,,,,,,,,,,,,,,,,,,,,,,,,,,,,,,,,,,,,,,,,,,,,,,,,,,,,,,,,,,,,,,,,,,,,,,,,,,,,,,,,,,,,,,,,,,,,,,,,,,,,,,,,,,,,,,,,,,,,,,,,,,,,,,,,,,,,,,,,,,,,,,,,,,,,,,,,,,,,,,,,,,,,,,,,,,,,,,,,,,,,,
cmiot5gklcgnb.zj,宁波柯力传感科技股份有限公司,宁波,江北区,NBOUPFm001BHW|NBOUPFm002BHW,H11547838宁波江北柯力公司NR|H11554620宁波江北耐索电器DRAN,,tunnel40,ZJNBO_YSL2F_C12_NBOUPFm002BHW_DCGW01|ZJNBO_YSL2F_D12_NBOUPFm002BHW_DCGW02,5G专网,,,,,,,,,,,,,,,,,,,,,,,,,,,,,,,,,,,,,,,,,,,,,,,,,,,,,,,,,,,,,,,,,,,,,,,,,,,,,,,,,,,,,,,,,,,,,,,,,,,,,,,,,,,,,,,,,,,,,,,,,,,,,,,,,,,,,,,,,,,,,,,,,,,,,,,,,,,,,,,,,,,,,,,,,,,,,,,,,,,,,,,,,,,,,,,,,,,,,,,,,,,,,,,,,,,,,,,,,,,,,,,,,,,,,,,,,,,,,,,,,,
cmiot5gzjmrhqkj.zj,绍兴浙江鸣荣化纤科技公司,绍兴,新昌县,HZUPFm001BHW|HZUPFm002BHW,H11649326-绍兴市新昌县梅渚镇枣园接入机房CRAN-H5H|H11587280-新昌梅渚枣园机房CRAN-H5X,,tunnel205,ZJHZ_CYY4#6F_J21_HZUPFm001BHW_DCGW01|ZJHZ_CYY4#6F_I24_HZUPFm001BHW_DCGW02,5G专网,,,,,,,,,,,,,,,,,,,,,,,,,,,,,,,,,,,,,,,,,,,,,,,,,,,,,,,,,,,,,,,,,,,,,,,,,,,,,,,,,,,,,,,,,,,,,,,,,,,,,,,,,,,,,,,,,,,,,,,,,,,,,,,,,,,,,,,,,,,,,,,,,,,,,,,,,,,,,,,,,,,,,,,,,,,,,,,,,,,,,,,,,,,,,,,,,,,,,,,,,,,,,,,,,,,,,,,,,,,,,,,,,,,,,,,,,,,,,,,,,,
zju5g.zj,浙大校园网,杭州,西湖区,HZUPF007BHW|HZUPF008BHW,"H11537942杭州蒋村普通高级中学LY浙大人才专用房|H11537944杭州国电机械LY浙大人才公寓北|H11539373杭州紫金港学生宿舍地下室LY浙大农生环C幢西|H11537928杭州西湖蒋村普通高级中学LY浙大紫金港管理学院信源池C-H5H|H11538337杭州紫金港学生宿舍地下室LY浙大农生环C幢东|H11539372杭州紫金港学生宿舍地下室LY浙大农生环A幢|H11535738杭州浙大教育超市|H11542732杭州紫金港学生宿舍CRAN浙大紫金港生物楼北|H11541970杭州紫金港学生宿舍地下室LY浙大动物科学学院信源池|H11541815杭州紫金港学生宿舍地下室LY浙大蓝田二舍信源池|H11541868杭州紫金港学生宿舍地下室LY浙大紫金港西区主体育场信源池|H11538073杭州浙大教育超市LY浙大建工实验楼|H11534609-杭州浙大紫金港西区机械学院-H5W|H11543860-杭州西湖浙大紫金港东四至东三六七教学楼-H5W|H11539069杭州浙大紫金港纳米楼SFNR|H11534389杭州浙大紫金港西区博士后宿舍SFNR|H11535393杭州浙大紫金港西区求是大讲堂SFNR|H11538201杭州浙大紫金港SFNR|H11542452杭州浙大紫金港游泳馆SFNR
",,Tunnel101|Tunnel100,ZJHZ_XSCYY4#6F_J01_HZUPF007BHW_EOR01|ZJHZ_XSCYY4#6F_J01_HZUPF007BHW_EOR02,双域专网,,,,,,,,,,,,,,,,,,,,,,,,,,,,,,,,,,,,,,,,,,,,,,,,,,,,,,,,,,,,,,,,,,,,,,,,,,,,,,,,,,,,,,,,,,,,,,,,,,,,,,,,,,,,,,,,,,,,,,,,,,,,,,,,,,,,,,,,,,,,,,,,,,,,,,,,,,,,,,,,,,,,,,,,,,,,,,,,,,,,,,,,,,,,,,,,,,,,,,,,,,,,,,,,,,,,,,,,,,,,,,,,,,,,,,,,,,,,,,,,,,
cmiot5gzhcg.zj,舟山市综合行政执法局,舟山,定海区,NBOUPFm001BHW|NBOUPFm002BHW,H11596841-舟山临城海滨公园铁塔站-H5W,,,ZJNBO_YZ3F_A11_NBOUPFm001BHW_DCGW01,5G专网,,,,,,,,,,,,,,,,,,,,,,,,,,,,,,,,,,,,,,,,,,,,,,,,,,,,,,,,,,,,,,,,,,,,,,,,,,,,,,,,,,,,,,,,,,,,,,,,,,,,,,,,,,,,,,,,,,,,,,,,,,,,,,,,,,,,,,,,,,,,,,,,,,,,,,,,,,,,,,,,,,,,,,,,,,,,,,,,,,,,,,,,,,,,,,,,,,,,,,,,,,,,,,,,,,,,,,,,,,,,,,,,,,,,,,,,,,,,,,,,,,
cmiot5gyqlsd.zj,浙江朗诗德健康饮水设备股份有限公司,温州,乐清市,WZHUPFm001BHW|WZHUPFm002BHW,H11557421乐清正泰二NR|H11558313温州乐清新亚电子SFNR|H11562895温州乐清正泰仪表SF,,,"ZJWZH_BH#2F_B11_WZHUPFM01BHW_DCGW01|ZJWZH_BH#2F_A13_WZHUPFM01BHW_DCGW02
",5G专网,,,,,,,,,,,,,,,,,,,,,,,,,,,,,,,,,,,,,,,,,,,,,,,,,,,,,,,,,,,,,,,,,,,,,,,,,,,,,,,,,,,,,,,,,,,,,,,,,,,,,,,,,,,,,,,,,,,,,,,,,,,,,,,,,,,,,,,,,,,,,,,,,,,,,,,,,,,,,,,,,,,,,,,,,,,,,,,,,,,,,,,,,,,,,,,,,,,,,,,,,,,,,,,,,,,,,,,,,,,,,,,,,,,,,,,,,,,,,,,,,,
cmiot5gjxhmfsxm.zj,嘉兴恒美服饰有限公司,嘉兴,桐乡市,JXIUPFm001BZX|JXIUPFm002BZX,Z11582918-嘉兴桐乡恒美新厂房SF-Z5W,,tunnel1010,JXIUPFm001BZX-SM-DCGW-01,5G专网,,,,,,,,,,,,,,,,,,,,,,,,,,,,,,,,,,,,,,,,,,,,,,,,,,,,,,,,,,,,,,,,,,,,,,,,,,,,,,,,,,,,,,,,,,,,,,,,,,,,,,,,,,,,,,,,,,,,,,,,,,,,,,,,,,,,,,,,,,,,,,,,,,,,,,,,,,,,,,,,,,,,,,,,,,,,,,,,,,,,,,,,,,,,,,,,,,,,,,,,,,,,,,,,,,,,,,,,,,,,,,,,,,,,,,,,,,,,,,,,,,
cmiot5glsjywszw.zj,丽水缙云县卫生健康局,丽水,缙云县,LSHUPFm001BZX|LSHUPFm002BZX,,,tunnel003,LSHUPFm001BZX-SM-DCGW-01|LSHUPFm002BZX-SM-DCGW-01,5G专网,,,,,,,,,,,,,,,,,,,,,,,,,,,,,,,,,,,,,,,,,,,,,,,,,,,,,,,,,,,,,,,,,,,,,,,,,,,,,,,,,,,,,,,,,,,,,,,,,,,,,,,,,,,,,,,,,,,,,,,,,,,,,,,,,,,,,,,,,,,,,,,,,,,,,,,,,,,,,,,,,,,,,,,,,,,,,,,,,,,,,,,,,,,,,,,,,,,,,,,,,,,,,,,,,,,,,,,,,,,,,,,,,,,,,,,,,,,,,,,,,,
cmiot5gjxhkwlcx.zj,嘉兴浙江海康智联科技有限公司,嘉兴,秀洲区,JXIUPFm001BZX|JXIUPFm002BZX,漫游项目|南湖区、秀洲区全部5G基站,,tunnel1005,JXIUPFm001BZX-SM-DCGW-01,5G专网,,,,,,,,,,,,,,,,,,,,,,,,,,,,,,,,,,,,,,,,,,,,,,,,,,,,,,,,,,,,,,,,,,,,,,,,,,,,,,,,,,,,,,,,,,,,,,,,,,,,,,,,,,,,,,,,,,,,,,,,,,,,,,,,,,,,,,,,,,,,,,,,,,,,,,,,,,,,,,,,,,,,,,,,,,,,,,,,,,,,,,,,,,,,,,,,,,,,,,,,,,,,,,,,,,,,,,,,,,,,,,,,,,,,,,,,,,,,,,,,,,
cmiot5gjxjqqsss1.zj,嘉兴麒盛科技股份有限公司,嘉兴,秀洲区,JXIUPFm001BZX|JXIUPFm002BZX,Z11580163嘉兴秀洲麒盛科技新厂房SF,,tunnel1012,JXIUPFm001BZX-SM-DCGW-01,5G专网,,,,,,,,,,,,,,,,,,,,,,,,,,,,,,,,,,,,,,,,,,,,,,,,,,,,,,,,,,,,,,,,,,,,,,,,,,,,,,,,,,,,,,,,,,,,,,,,,,,,,,,,,,,,,,,,,,,,,,,,,,,,,,,,,,,,,,,,,,,,,,,,,,,,,,,,,,,,,,,,,,,,,,,,,,,,,,,,,,,,,,,,,,,,,,,,,,,,,,,,,,,,,,,,,,,,,,,,,,,,,,,,,,,,,,,,,,,,,,,,,,
cmiot5gtzgwdlgx.zj,台州国网台州供电公司金属园区多元融合高弹性电网建设项目,台州,椒江区,TZHUPFm001BZX|TZHUPFm002BZX,,,tunnel1002,TZHUPFm001BZX-SM-DCGW-01,5G专网,,,,,,,,,,,,,,,,,,,,,,,,,,,,,,,,,,,,,,,,,,,,,,,,,,,,,,,,,,,,,,,,,,,,,,,,,,,,,,,,,,,,,,,,,,,,,,,,,,,,,,,,,,,,,,,,,,,,,,,,,,,,,,,,,,,,,,,,,,,,,,,,,,,,,,,,,,,,,,,,,,,,,,,,,,,,,,,,,,,,,,,,,,,,,,,,,,,,,,,,,,,,,,,,,,,,,,,,,,,,,,,,,,,,,,,,,,,,,,,,,,
cmiot5gjxcbhtlt1.zj,嘉兴韩泰轮胎有限公司,嘉兴,秀洲区,JXIUPFm001BZX|JXIUPFm002BZX,Z11580239嘉兴秋泾桥CRAN,,tunnel1009,JXIUPFm001BZX-SM-DCGW-01,5G专网,,,,,,,,,,,,,,,,,,,,,,,,,,,,,,,,,,,,,,,,,,,,,,,,,,,,,,,,,,,,,,,,,,,,,,,,,,,,,,,,,,,,,,,,,,,,,,,,,,,,,,,,,,,,,,,,,,,,,,,,,,,,,,,,,,,,,,,,,,,,,,,,,,,,,,,,,,,,,,,,,,,,,,,,,,,,,,,,,,,,,,,,,,,,,,,,,,,,,,,,,,,,,,,,,,,,,,,,,,,,,,,,,,,,,,,,,,,,,,,,,,
cmiot5gqzgwdlgs.zj,衢州国网浙江省电力有限公司衢州供电公司无功补偿设备物联网业务APN建设项目,衢州,衢江区,QUZUPFm001BZX|QUZUPFm002BZX,,,,QUZUPFm001BZX-SM-DCGW-01,5G专网,,,,,,,,,,,,,,,,,,,,,,,,,,,,,,,,,,,,,,,,,,,,,,,,,,,,,,,,,,,,,,,,,,,,,,,,,,,,,,,,,,,,,,,,,,,,,,,,,,,,,,,,,,,,,,,,,,,,,,,,,,,,,,,,,,,,,,,,,,,,,,,,,,,,,,,,,,,,,,,,,,,,,,,,,,,,,,,,,,,,,,,,,,,,,,,,,,,,,,,,,,,,,,,,,,,,,,,,,,,,,,,,,,,,,,,,,,,,,,,,,,
cmiot5gtzsmdefd.zj,浙能第二发电厂5G专网,台州,三门县,TZHUPFm001BZX|TZHUPFm002BZX,Z11564650台州三门火电厂行政楼SFNRD|Z11564647台州三门火电厂宿舍楼SFNRD|Z11564699三门下洋CRAN|Z11564687三门下洋CRAN|Z11564688台州三门火电厂继电器楼SFNRD,,tunnel1001,TZHUPFm001BZX-SM-DCGW-01,5G专网,,,,,,,,,,,,,,,,,,,,,,,,,,,,,,,,,,,,,,,,,,,,,,,,,,,,,,,,,,,,,,,,,,,,,,,,,,,,,,,,,,,,,,,,,,,,,,,,,,,,,,,,,,,,,,,,,,,,,,,,,,,,,,,,,,,,,,,,,,,,,,,,,,,,,,,,,,,,,,,,,,,,,,,,,,,,,,,,,,,,,,,,,,,,,,,,,,,,,,,,,,,,,,,,,,,,,,,,,,,,,,,,,,,,,,,,,,,,,,,,,,
cmiot5gdlwzmjfk.zj,国网温州供电5G专网项目,温州,鹿城区,,,,,,5G专网,,,,,,,,,,,,,,,,,,,,,,,,,,,,,,,,,,,,,,,,,,,,,,,,,,,,,,,,,,,,,,,,,,,,,,,,,,,,,,,,,,,,,,,,,,,,,,,,,,,,,,,,,,,,,,,,,,,,,,,,,,,,,,,,,,,,,,,,,,,,,,,,,,,,,,,,,,,,,,,,,,,,,,,,,,,,,,,,,,,,,,,,,,,,,,,,,,,,,,,,,,,,,,,,,,,,,,,,,,,,,,,,,,,,,,,,,,,,,,,,,,
cmiot5gcncsdtgz.zj,苍南城市动态感知项目,温州,苍南县,WZHUPFm001BHW|WZHUPFm002BHW,,,,"ZJWZH_BH#2F_B11_WZHUPFM01BHW_DCGW01|ZJWZH_BH#2F_A13_WZHUPFM01BHW_DCGW02
",5G专网,,,,,,,,,,,,,,,,,,,,,,,,,,,,,,,,,,,,,,,,,,,,,,,,,,,,,,,,,,,,,,,,,,,,,,,,,,,,,,,,,,,,,,,,,,,,,,,,,,,,,,,,,,,,,,,,,,,,,,,,,,,,,,,,,,,,,,,,,,,,,,,,,,,,,,,,,,,,,,,,,,,,,,,,,,,,,,,,,,,,,,,,,,,,,,,,,,,,,,,,,,,,,,,,,,,,,,,,,,,,,,,,,,,,,,,,,,,,,,,,,,
cmiot5gwzfsdyyy.zj,温州医科大学附属第一医院5G专网项目,温州,瓯海区,WZHUPFm001BHW|WZHUPFm002BHW,H11556092瓯海南白象储备全业务接入汇聚CRAN|H11558282温州瓯海温州医学院附属第一医院专科楼SFNR|H11558667温州瓯海温州医学院附属第一医院医疗保健楼SFNR|H11558665温州瓯海医学院附属第一医院医疗保健传染值班楼SFNR|H11558894温州瓯海温州医学院附属第一医院医技楼南SFNR|H11558518温州瓯海温州医学院附属第一医院病房楼一SFNR|H11558517温州瓯海温州医学院附属第一医院病房楼二SFNR|H11558519温州瓯海温州医学院附属第一医院医技楼二SFNR|H11558420温州瓯海温州医学院附属第一医院医技楼二SFlampsiteNR|H11558419温州瓯海温州医学院附属第一医院医技楼一SFlampsiteNR,,tunnel3,"ZJWZH_BH#2F_B11_WZHUPFM01BHW_DCGW01|ZJWZH_BH#2F_A13_WZHUPFM01BHW_DCGW02
",5G专网,,,,,,,,,,,,,,,,,,,,,,,,,,,,,,,,,,,,,,,,,,,,,,,,,,,,,,,,,,,,,,,,,,,,,,,,,,,,,,,,,,,,,,,,,,,,,,,,,,,,,,,,,,,,,,,,,,,,,,,,,,,,,,,,,,,,,,,,,,,,,,,,,,,,,,,,,,,,,,,,,,,,,,,,,,,,,,,,,,,,,,,,,,,,,,,,,,,,,,,,,,,,,,,,,,,,,,,,,,,,,,,,,,,,,,,,,,,,,,,,,,
cmiot5gwzfsdelw.zj,温州附属第二医院5G专网项目,温州,龙湾区,WZHUPFm001BHW|WZHUPFm002BHW,H11555330龙湾瑶溪街道东全业务接入汇聚CRAN|H11556587-龙湾上湾汇聚CRAN-H5H|H11562712温州龙湾医学院附属第二医院瑶溪分院后勤楼SF|H11556637龙湾瑶溪附二医停车场|H11562716龙湾医学院附属第二医院瑶溪分院综合楼西南侧SF|H11562713龙湾医学院附属第二医院瑶溪分院病房楼底层SFlampsite|H11562714龙湾医学院附属第二医院瑶溪分院病房楼高层SFlampsite|H11562717龙湾医学院附属第二医院瑶溪分院综合楼北侧SFlampsite,,tunnel4,"ZJWZH_BH#2F_B11_WZHUPFM01BHW_DCGW01|ZJWZH_BH#2F_A13_WZHUPFM01BHW_DCGW02
",5G专网,,,,,,,,,,,,,,,,,,,,,,,,,,,,,,,,,,,,,,,,,,,,,,,,,,,,,,,,,,,,,,,,,,,,,,,,,,,,,,,,,,,,,,,,,,,,,,,,,,,,,,,,,,,,,,,,,,,,,,,,,,,,,,,,,,,,,,,,,,,,,,,,,,,,,,,,,,,,,,,,,,,,,,,,,,,,,,,,,,,,,,,,,,,,,,,,,,,,,,,,,,,,,,,,,,,,,,,,,,,,,,,,,,,,,,,,,,,,,,,,,,
cmiot5gwzsjjzf.zj,温州市市场监督局5G专网项目,温州,鹿城区,WZHUPFm001BHW|WZHUPFm002BHW,,,tunnel10,"ZJWZH_BH#2F_B11_WZHUPFM01BHW_DCGW01|ZJWZH_BH#2F_A13_WZHUPFM01BHW_DCGW02
",5G专网,,,,,,,,,,,,,,,,,,,,,,,,,,,,,,,,,,,,,,,,,,,,,,,,,,,,,,,,,,,,,,,,,,,,,,,,,,,,,,,,,,,,,,,,,,,,,,,,,,,,,,,,,,,,,,,,,,,,,,,,,,,,,,,,,,,,,,,,,,,,,,,,,,,,,,,,,,,,,,,,,,,,,,,,,,,,,,,,,,,,,,,,,,,,,,,,,,,,,,,,,,,,,,,,,,,,,,,,,,,,,,,,,,,,,,,,,,,,,,,,,,
cmiot5gwzdlcc.zj|cmiot5gwzdlsd.zj,温州电力5G输电,温州,鹿城区,WZHUPFm001BHW|WZHUPFm002BHW,H11557758温州瑞安八十亩全业务接入汇聚CRAN_GNODEB|H11558069平阳万全章岙周NR_GNODEB|H11558071平阳万全浦前NR_GNODEB,,tunnel6,"ZJWZH_BH#2F_B11_WZHUPFM01BHW_DCGW01|ZJWZH_BH#2F_A13_WZHUPFM01BHW_DCGW02
",5G专网,,,,,,,,,,,,,,,,,,,,,,,,,,,,,,,,,,,,,,,,,,,,,,,,,,,,,,,,,,,,,,,,,,,,,,,,,,,,,,,,,,,,,,,,,,,,,,,,,,,,,,,,,,,,,,,,,,,,,,,,,,,,,,,,,,,,,,,,,,,,,,,,,,,,,,,,,,,,,,,,,,,,,,,,,,,,,,,,,,,,,,,,,,,,,,,,,,,,,,,,,,,,,,,,,,,,,,,,,,,,,,,,,,,,,,,,,,,,,,,,,,
cmiot5gwzrarmyy.zj,瑞安市人民医院5G专网项目,温州,瑞安市,WZHRARMYYUPFm001CHW,H11555438瑞安邮政局汇聚CRAN_GNODEB|H11555497温州瑞安邮政局汇聚CRAN_GNODEB|H11558737温州瑞安人民医院门诊大楼2MSFNR_GNODEB|H11555490瑞安邮政局汇聚CRAN_GNODEB|H11558751温州瑞安人民医院辅楼SFNR_GNODEB|H11555474瑞安邮政局汇聚CRAN_GNODEB|H11555268瑞安邮政局汇聚CRAN_GNODEB|H11558740温州瑞安人民医院门诊大楼1MSFNR_GNODEB|H11558750温州瑞安人民医院SFNR_GNODEB|H11562573温州瑞安人民医院门诊大楼SFlampsiteNR_GNODEB,,,,5G专网,,,,,,,,,,,,,,,,,,,,,,,,,,,,,,,,,,,,,,,,,,,,,,,,,,,,,,,,,,,,,,,,,,,,,,,,,,,,,,,,,,,,,,,,,,,,,,,,,,,,,,,,,,,,,,,,,,,,,,,,,,,,,,,,,,,,,,,,,,,,,,,,,,,,,,,,,,,,,,,,,,,,,,,,,,,,,,,,,,,,,,,,,,,,,,,,,,,,,,,,,,,,,,,,,,,,,,,,,,,,,,,,,,,,,,,,,,,,,,,,,,
cmiot5gsxsbrzz.zj,绍兴苏泊尔制造二部5G车间一期项目,绍兴,越城区,HZUPFm001BHW|HZUPFm002BHW,H11585036-绍兴袍江苏泊尔智能化产业链中心-H5W,,tunnel206,ZJHZ_CYY4#6F_J21_HZUPFm001BHW_DCGW01|ZJHZ_CYY4#6F_I24_HZUPFm001BHW_DCGW02,5G专网,,,,,,,,,,,,,,,,,,,,,,,,,,,,,,,,,,,,,,,,,,,,,,,,,,,,,,,,,,,,,,,,,,,,,,,,,,,,,,,,,,,,,,,,,,,,,,,,,,,,,,,,,,,,,,,,,,,,,,,,,,,,,,,,,,,,,,,,,,,,,,,,,,,,,,,,,,,,,,,,,,,,,,,,,,,,,,,,,,,,,,,,,,,,,,,,,,,,,,,,,,,,,,,,,,,,,,,,,,,,,,,,,,,,,,,,,,,,,,,,,,
CMIOT5GZJZYJX.ZJ,中益机械5G+AGV五金仓库智能化改造项目,绍兴,越城区,HZUPFm001BHW|HZUPFm002BHW,H11585490诸暨枫桥沙埂头南NR|H11585493诸暨枫桥海魄NR|H11585491诸暨枫桥沙埂头NR|H11585492诸暨枫桥镇政府NR|H11585496诸暨枫桥海魄东NR|H11585497诸暨枫桥镇海角安置NR|H11585307诸暨枫桥经验陈列馆室内分布NR|H11585315诸暨枫桥第二医院新住院大楼室内分布NR|H11585542诸暨枫桥一村西NR|H11585559诸暨枫桥葛村西二NR|H11585636诸暨枫桥枫桥学院一期SF+LSNR|H11585652诸暨枫桥学院NR|H11585680诸暨枫桥公共服务中心SFNR|H11585681诸暨枫桥派出所便民服务中心SFNR|H11585756-诸暨枫桥枫桥学院二期-H5W|H11585759-诸暨枫桥第二人民医院门诊楼-H5W|H11585835-诸暨枫桥枫桥宾馆-H5W|H11585769-绍兴市诸暨市枫桥镇枫桥镇政府接入机房CRAN-H5W|H11585808-绍兴市诸暨市枫桥镇枫桥镇政府接入CRAN-H5H,,tunnel204,ZJHZ_CYY4#6F_J21_HZUPFm001BHW_DCGW01|ZJHZ_CYY4#6F_I24_HZUPFm001BHW_DCGW02,5G专网,,,,,,,,,,,,,,,,,,,,,,,,,,,,,,,,,,,,,,,,,,,,,,,,,,,,,,,,,,,,,,,,,,,,,,,,,,,,,,,,,,,,,,,,,,,,,,,,,,,,,,,,,,,,,,,,,,,,,,,,,,,,,,,,,,,,,,,,,,,,,,,,,,,,,,,,,,,,,,,,,,,,,,,,,,,,,,,,,,,,,,,,,,,,,,,,,,,,,,,,,,,,,,,,,,,,,,,,,,,,,,,,,,,,,,,,,,,,,,,,,,
cmiot5gsxgwdl.zj,国网浙江省电力有限公司绍兴供电公司,绍兴,越城区,HZUPFm001BHW|HZUPFm002BHW,,,tunnel233,ZJHZ_CYY4#6F_J21_HZUPFm001BHW_DCGW01|ZJHZ_CYY4#6F_I24_HZUPFm001BHW_DCGW02,5G专网,,,,,,,,,,,,,,,,,,,,,,,,,,,,,,,,,,,,,,,,,,,,,,,,,,,,,,,,,,,,,,,,,,,,,,,,,,,,,,,,,,,,,,,,,,,,,,,,,,,,,,,,,,,,,,,,,,,,,,,,,,,,,,,,,,,,,,,,,,,,,,,,,,,,,,,,,,,,,,,,,,,,,,,,,,,,,,,,,,,,,,,,,,,,,,,,,,,,,,,,,,,,,,,,,,,,,,,,,,,,,,,,,,,,,,,,,,,,,,,,,,
cmiot5gjxlyzhgc.zj,桐乡市联洋新材料5G智慧工厂建设项目,嘉兴,桐乡市,JXIUPFm001BZX|JXIUPFm002BZX,Z11581119桐乡崇福虎啸新农村CRAN,,tunnel1008,JXIUPFm001BZX-SM-DCGW-01,5G专网,,,,,,,,,,,,,,,,,,,,,,,,,,,,,,,,,,,,,,,,,,,,,,,,,,,,,,,,,,,,,,,,,,,,,,,,,,,,,,,,,,,,,,,,,,,,,,,,,,,,,,,,,,,,,,,,,,,,,,,,,,,,,,,,,,,,,,,,,,,,,,,,,,,,,,,,,,,,,,,,,,,,,,,,,,,,,,,,,,,,,,,,,,,,,,,,,,,,,,,,,,,,,,,,,,,,,,,,,,,,,,,,,,,,,,,,,,,,,,,,,,
cmiot5gdmxcl.zj,东睦新材料集团股份有限公司订购5G专网专享开通业务,宁波,,NBOUPFm001BHW|NBOUPFm002BHW,H11553510宁波鄞州东睦新材料集团公司SFNR|H11677820-宁波鄞州东睦新材料-H5H,,tunnel32,ZJNBO_YSL2F_C12_NBOUPFm002BHW_DCGW01|ZJNBO_YSL2F_D12_NBOUPFm002BHW_DCGW02,5G专网,,,,,,,,,,,,,,,,,,,,,,,,,,,,,,,,,,,,,,,,,,,,,,,,,,,,,,,,,,,,,,,,,,,,,,,,,,,,,,,,,,,,,,,,,,,,,,,,,,,,,,,,,,,,,,,,,,,,,,,,,,,,,,,,,,,,,,,,,,,,,,,,,,,,,,,,,,,,,,,,,,,,,,,,,,,,,,,,,,,,,,,,,,,,,,,,,,,,,,,,,,,,,,,,,,,,,,,,,,,,,,,,,,,,,,,,,,,,,,,,,,
cmiot5gxzkjznzz.zj,浙江星筑科技有限公司订购5G专网专享开通业务,金华,,JIHUPFm001BHW|JIHUPFm002BHW,H11574717婺城莱恩NR-2B辅站|H11574746婺城鼎盛玻璃NR-2B辅站,,,JZJHA_YSN#4F_F01_JHAUPFm001BHW_DCGW01|JZJHA_YSN#4F_G01_JHAUPFm001BHW_DCGW02,5G专网,,,,,,,,,,,,,,,,,,,,,,,,,,,,,,,,,,,,,,,,,,,,,,,,,,,,,,,,,,,,,,,,,,,,,,,,,,,,,,,,,,,,,,,,,,,,,,,,,,,,,,,,,,,,,,,,,,,,,,,,,,,,,,,,,,,,,,,,,,,,,,,,,,,,,,,,,,,,,,,,,,,,,,,,,,,,,,,,,,,,,,,,,,,,,,,,,,,,,,,,,,,,,,,,,,,,,,,,,,,,,,,,,,,,,,,,,,,,,,,,,,
cmiot5gzjyhyxgs1.zj,浙江英鸿新型建材有限公司订购5G专网专享开通业务,衢州,,QUZUPFm001BZX|QUZUPFm002BZX,Z11592648常山童家LY信源池五-Z5H,,,QUZUPFm001BZX-SM-DCGW-01,5G专网,,,,,,,,,,,,,,,,,,,,,,,,,,,,,,,,,,,,,,,,,,,,,,,,,,,,,,,,,,,,,,,,,,,,,,,,,,,,,,,,,,,,,,,,,,,,,,,,,,,,,,,,,,,,,,,,,,,,,,,,,,,,,,,,,,,,,,,,,,,,,,,,,,,,,,,,,,,,,,,,,,,,,,,,,,,,,,,,,,,,,,,,,,,,,,,,,,,,,,,,,,,,,,,,,,,,,,,,,,,,,,,,,,,,,,,,,,,,,,,,,,
cmiot5gdljtnb1.zj,得力5G+未来工厂项目,宁波,,NBOUPFm001BHW|NBOUPFm002BHW,Z11551242宁波宁海得力物流园区SFNR|Z11551312宁波宁海辛岭得力G号楼SFNR|Z11551313宁波宁海辛岭得力H号楼SFNR,,"tunnel50|
tunnel52",ZJNBO_YSL2F_C12_NBOUPFm002BHW_DCGW01|ZJNBO_YSL2F_D12_NBOUPFm002BHW_DCGW02,5G专网,,,,,,,,,,,,,,,,,,,,,,,,,,,,,,,,,,,,,,,,,,,,,,,,,,,,,,,,,,,,,,,,,,,,,,,,,,,,,,,,,,,,,,,,,,,,,,,,,,,,,,,,,,,,,,,,,,,,,,,,,,,,,,,,,,,,,,,,,,,,,,,,,,,,,,,,,,,,,,,,,,,,,,,,,,,,,,,,,,,,,,,,,,,,,,,,,,,,,,,,,,,,,,,,,,,,,,,,,,,,,,,,,,,,,,,,,,,,,,,,,,
cmiot5gbyjtyxgs.zj,步阳集团5G工业互联网项目,金华,,JIHUPFm001BHW|JIHUPFm002BHW,,,tunnel147,JZJHA_YSN#4F_F01_JHAUPFm001BHW_DCGW01|JZJHA_YSN#4F_G01_JHAUPFm001BHW_DCGW02,5G专网,,,,,,,,,,,,,,,,,,,,,,,,,,,,,,,,,,,,,,,,,,,,,,,,,,,,,,,,,,,,,,,,,,,,,,,,,,,,,,,,,,,,,,,,,,,,,,,,,,,,,,,,,,,,,,,,,,,,,,,,,,,,,,,,,,,,,,,,,,,,,,,,,,,,,,,,,,,,,,,,,,,,,,,,,,,,,,,,,,,,,,,,,,,,,,,,,,,,,,,,,,,,,,,,,,,,,,,,,,,,,,,,,,,,,,,,,,,,,,,,,,
cmiot5gjhwchxqp.zj,金华浩翔汽配有限公司5G智慧车间项目,金华,,JIHUPFm001BHW|JIHUPFm002BHW,,,tunnel10,JZJHA_YSN#4F_F01_JHAUPFm001BHW_DCGW01|JZJHA_YSN#4F_G01_JHAUPFm001BHW_DCGW02,5G专网,,,,,,,,,,,,,,,,,,,,,,,,,,,,,,,,,,,,,,,,,,,,,,,,,,,,,,,,,,,,,,,,,,,,,,,,,,,,,,,,,,,,,,,,,,,,,,,,,,,,,,,,,,,,,,,,,,,,,,,,,,,,,,,,,,,,,,,,,,,,,,,,,,,,,,,,,,,,,,,,,,,,,,,,,,,,,,,,,,,,,,,,,,,,,,,,,,,,,,,,,,,,,,,,,,,,,,,,,,,,,,,,,,,,,,,,,,,,,,,,,,
cmiot5ggjcky.zj,浙江兰溪市金昌矿业5G+智慧矿山服务项目,金华,,JIHUPFm001BHW|JIHUPFm002BHW,H11575069兰溪金昌矿业NR-2B辅站|H11575002金华兰溪金昌矿业SFNR-2B主站,,tunnel129,JZJHA_YSN#4F_F01_JHAUPFm001BHW_DCGW01|JZJHA_YSN#4F_G01_JHAUPFm001BHW_DCGW02,5G专网,,,,,,,,,,,,,,,,,,,,,,,,,,,,,,,,,,,,,,,,,,,,,,,,,,,,,,,,,,,,,,,,,,,,,,,,,,,,,,,,,,,,,,,,,,,,,,,,,,,,,,,,,,,,,,,,,,,,,,,,,,,,,,,,,,,,,,,,,,,,,,,,,,,,,,,,,,,,,,,,,,,,,,,,,,,,,,,,,,,,,,,,,,,,,,,,,,,,,,,,,,,,,,,,,,,,,,,,,,,,,,,,,,,,,,,,,,,,,,,,,,
cmiot5glssgajld.zj,丽水市公安局莲都区分局订购5G专网专享开通业务,丽水,,LSHUPFm001BZX|LSHUPFm002BZX,E11588089丽水莲都东苑汇聚LY信源池_NR_D|E11587954丽水天宁SF_CRAN NR_D,,tunnel001,LSHUPFm001BZX-SM-DCGW-01|LSHUPFm002BZX-SM-DCGW-01,5G专网,,,,,,,,,,,,,,,,,,,,,,,,,,,,,,,,,,,,,,,,,,,,,,,,,,,,,,,,,,,,,,,,,,,,,,,,,,,,,,,,,,,,,,,,,,,,,,,,,,,,,,,,,,,,,,,,,,,,,,,,,,,,,,,,,,,,,,,,,,,,,,,,,,,,,,,,,,,,,,,,,,,,,,,,,,,,,,,,,,,,,,,,,,,,,,,,,,,,,,,,,,,,,,,,,,,,,,,,,,,,,,,,,,,,,,,,,,,,,,,,,,
cmiot5gcblt.zj,宁波长壁流体动力科技有限公司订购5G专网专享开通业务,宁波,,NBOUPFm001BHW|NBOUPFm002BHW,E11588089丽水莲都东苑汇聚LY信源池_NR_D|E11587954丽水天宁SF_CRAN NR_D ,,tunnel20,ZJNBO_YSL2F_C12_NBOUPFm002BHW_DCGW01|ZJNBO_YSL2F_D12_NBOUPFm002BHW_DCGW02,5G专网,,,,,,,,,,,,,,,,,,,,,,,,,,,,,,,,,,,,,,,,,,,,,,,,,,,,,,,,,,,,,,,,,,,,,,,,,,,,,,,,,,,,,,,,,,,,,,,,,,,,,,,,,,,,,,,,,,,,,,,,,,,,,,,,,,,,,,,,,,,,,,,,,,,,,,,,,,,,,,,,,,,,,,,,,,,,,,,,,,,,,,,,,,,,,,,,,,,,,,,,,,,,,,,,,,,,,,,,,,,,,,,,,,,,,,,,,,,,,,,,,,
cmiot5gfgysg.zj,云裳谷5G智能工厂项目,宁波,,NBOUPFm001BHW|NBOUPFm002BHW,H11550051宁波鄞州东雅汇聚机房政企CRAN|H11550487宁波鄞州云裳谷临时LampsiteSFNR,,tunnel8,ZJNBO_YSL2F_C12_NBOUPFm002BHW_DCGW01|ZJNBO_YSL2F_D12_NBOUPFm002BHW_DCGW02,5G专网,,,,,,,,,,,,,,,,,,,,,,,,,,,,,,,,,,,,,,,,,,,,,,,,,,,,,,,,,,,,,,,,,,,,,,,,,,,,,,,,,,,,,,,,,,,,,,,,,,,,,,,,,,,,,,,,,,,,,,,,,,,,,,,,,,,,,,,,,,,,,,,,,,,,,,,,,,,,,,,,,,,,,,,,,,,,,,,,,,,,,,,,,,,,,,,,,,,,,,,,,,,,,,,,,,,,,,,,,,,,,,,,,,,,,,,,,,,,,,,,,,
cmiot5ghzlzyzgy.zj,良渚古城遗址公园5G体验馆项目,杭州,,HZUPFm001BHW|HZUPFm002BHW,H11537012余杭长命LY长命西|H11542083余杭凤山村CRAN,,tunnel1,ZJHZ_CYY4#6F_J21_HZUPFm001BHW_DCGW01|ZJHZ_CYY4#6F_I24_HZUPFm001BHW_DCGW02,5G专网,,,,,,,,,,,,,,,,,,,,,,,,,,,,,,,,,,,,,,,,,,,,,,,,,,,,,,,,,,,,,,,,,,,,,,,,,,,,,,,,,,,,,,,,,,,,,,,,,,,,,,,,,,,,,,,,,,,,,,,,,,,,,,,,,,,,,,,,,,,,,,,,,,,,,,,,,,,,,,,,,,,,,,,,,,,,,,,,,,,,,,,,,,,,,,,,,,,,,,,,,,,,,,,,,,,,,,,,,,,,,,,,,,,,,,,,,,,,,,,,,,
cmiot5gzgyhnb.zj,中国银行股份有限公司宁波市分行订购5G专网专享开通业务,宁波,,NBOUPFm001BHW|NBOUPFm002BHW,H11551814宁波鄞州中银国际SFNR|H11551817宁波鄞州中银国际4SFNR|H11551815宁波鄞州中银国际2SFNR|H11551816宁波鄞州中银国际3SFNR,,tunnel25,ZJNBO_YSL2F_C12_NBOUPFm002BHW_DCGW01|ZJNBO_YSL2F_D12_NBOUPFm002BHW_DCGW02,5G专网,,,,,,,,,,,,,,,,,,,,,,,,,,,,,,,,,,,,,,,,,,,,,,,,,,,,,,,,,,,,,,,,,,,,,,,,,,,,,,,,,,,,,,,,,,,,,,,,,,,,,,,,,,,,,,,,,,,,,,,,,,,,,,,,,,,,,,,,,,,,,,,,,,,,,,,,,,,,,,,,,,,,,,,,,,,,,,,,,,,,,,,,,,,,,,,,,,,,,,,,,,,,,,,,,,,,,,,,,,,,,,,,,,,,,,,,,,,,,,,,,,
cmiot5gsyycjs.zj,三一5G远程驾驶项目,湖州,吴兴区,HUZUPFm001BHW|HUZUPFm002BHW, E11579388HZWXsanyizhonggonggongyequ_NR,,,ZJHUZ_FHL#4F_A09_HUZUPFm001BHW_DCGW01|ZJHUZ_FHL#4F_B08_HUZUPFm001BHW_DCGW02,5G专网,,,,,,,,,,,,,,,,,,,,,,,,,,,,,,,,,,,,,,,,,,,,,,,,,,,,,,,,,,,,,,,,,,,,,,,,,,,,,,,,,,,,,,,,,,,,,,,,,,,,,,,,,,,,,,,,,,,,,,,,,,,,,,,,,,,,,,,,,,,,,,,,,,,,,,,,,,,,,,,,,,,,,,,,,,,,,,,,,,,,,,,,,,,,,,,,,,,,,,,,,,,,,,,,,,,,,,,,,,,,,,,,,,,,,,,,,,,,,,,,,,
cmiot5gjhwcwlyxz.zj,万里扬新能源5G建设项目,金华,婺城区,JIHUPFm001BHW|JIHUPFm002BHW,,,Tunnel66,JZJHA_YSN#4F_F01_JHAUPFm001BHW_DCGW01|JZJHA_YSN#4F_G01_JHAUPFm001BHW_DCGW02,5G专网,,,,,,,,,,,,,,,,,,,,,,,,,,,,,,,,,,,,,,,,,,,,,,,,,,,,,,,,,,,,,,,,,,,,,,,,,,,,,,,,,,,,,,,,,,,,,,,,,,,,,,,,,,,,,,,,,,,,,,,,,,,,,,,,,,,,,,,,,,,,,,,,,,,,,,,,,,,,,,,,,,,,,,,,,,,,,,,,,,,,,,,,,,,,,,,,,,,,,,,,,,,,,,,,,,,,,,,,,,,,,,,,,,,,,,,,,,,,,,,,,,
cmiot5gjxygdcxm.zj,嘉兴有轨电车项目,嘉兴,桐乡市,JXIUPFm001BZX|JXIUPFm002BZX,,,,JXIUPFm001BZX-SM-DCGW-01,5G专网,,,,,,,,,,,,,,,,,,,,,,,,,,,,,,,,,,,,,,,,,,,,,,,,,,,,,,,,,,,,,,,,,,,,,,,,,,,,,,,,,,,,,,,,,,,,,,,,,,,,,,,,,,,,,,,,,,,,,,,,,,,,,,,,,,,,,,,,,,,,,,,,,,,,,,,,,,,,,,,,,,,,,,,,,,,,,,,,,,,,,,,,,,,,,,,,,,,,,,,,,,,,,,,,,,,,,,,,,,,,,,,,,,,,,,,,,,,,,,,,,,
cmiot5gdlhzmjfk.zj,国网杭州供电5G专网项目,杭州,萧山区,HZGWHZGDUPFm001CHW,,,,HZGWHZGDUPFm001CHW_DCGW01|HZGWHZGDUPFm001CHW_DCGW02,5G专网,,,,,,,,,,,,,,,,,,,,,,,,,,,,,,,,,,,,,,,,,,,,,,,,,,,,,,,,,,,,,,,,,,,,,,,,,,,,,,,,,,,,,,,,,,,,,,,,,,,,,,,,,,,,,,,,,,,,,,,,,,,,,,,,,,,,,,,,,,,,,,,,,,,,,,,,,,,,,,,,,,,,,,,,,,,,,,,,,,,,,,,,,,,,,,,,,,,,,,,,,,,,,,,,,,,,,,,,,,,,,,,,,,,,,,,,,,,,,,,,,,
cmiot5gdljtnb.zj,得力5G+未来工厂项目,宁波,宁海县,NBOUPFm001BHW|NBOUPFm002BHW,Z11551242宁波宁海得力物流园区SFNR|Z11551312宁波宁海辛岭得力G号楼SFNR|Z11551313宁波宁海辛岭得力H号楼SFNR,,tunnel50|tunnel52,ZJNBO_YSL2F_C12_NBOUPFm002BHW_DCGW01|ZJNBO_YSL2F_D12_NBOUPFm002BHW_DCGW02,5G专网,,,,,,,,,,,,,,,,,,,,,,,,,,,,,,,,,,,,,,,,,,,,,,,,,,,,,,,,,,,,,,,,,,,,,,,,,,,,,,,,,,,,,,,,,,,,,,,,,,,,,,,,,,,,,,,,,,,,,,,,,,,,,,,,,,,,,,,,,,,,,,,,,,,,,,,,,,,,,,,,,,,,,,,,,,,,,,,,,,,,,,,,,,,,,,,,,,,,,,,,,,,,,,,,,,,,,,,,,,,,,,,,,,,,,,,,,,,,,,,,,,
cmiot5ghzdhzlyq.zj,浙江大华智联有限公司5G示范区,杭州,富阳区,HZUPFm001BHW|HZUPFm002BHW,H11543759-杭州富阳浙江大华智慧产业园-H5W|H11665607-富阳浙江大华智慧产业园-H5W_new,,Tunnel9,ZJHZ_CYY4#6F_J21_HZUPFm001BHW_DCGW01|ZJHZ_CYY4#6F_I24_HZUPFm001BHW_DCGW02,5G专网,,,,,,,,,,,,,,,,,,,,,,,,,,,,,,,,,,,,,,,,,,,,,,,,,,,,,,,,,,,,,,,,,,,,,,,,,,,,,,,,,,,,,,,,,,,,,,,,,,,,,,,,,,,,,,,,,,,,,,,,,,,,,,,,,,,,,,,,,,,,,,,,,,,,,,,,,,,,,,,,,,,,,,,,,,,,,,,,,,,,,,,,,,,,,,,,,,,,,,,,,,,,,,,,,,,,,,,,,,,,,,,,,,,,,,,,,,,,,,,,,,
cmiot5gjsdyyy.zj,浙江省嘉善县第一人民5G专网项目,嘉兴,嘉善县,JXIUPFm001BZX|JXIUPFm002BZX,Z11582617嘉善城南LY信源池,,Tunnel1131,JXIUPFm001BZX-SM-DCGW-01,5G专网,,,,,,,,,,,,,,,,,,,,,,,,,,,,,,,,,,,,,,,,,,,,,,,,,,,,,,,,,,,,,,,,,,,,,,,,,,,,,,,,,,,,,,,,,,,,,,,,,,,,,,,,,,,,,,,,,,,,,,,,,,,,,,,,,,,,,,,,,,,,,,,,,,,,,,,,,,,,,,,,,,,,,,,,,,,,,,,,,,,,,,,,,,,,,,,,,,,,,,,,,,,,,,,,,,,,,,,,,,,,,,,,,,,,,,,,,,,,,,,,,,
cmiot5gwzrarljt.zj,温州市瑞安瑞立集团5G智慧工厂项目,温州,瑞安市,WZHUPFm001BHW|WZHUPFm002BHW,,,,"ZJWZH_BH#2F_B11_WZHUPFM01BHW_DCGW01|ZJWZH_BH#2F_A13_WZHUPFM01BHW_DCGW02
",5G专网,,,,,,,,,,,,,,,,,,,,,,,,,,,,,,,,,,,,,,,,,,,,,,,,,,,,,,,,,,,,,,,,,,,,,,,,,,,,,,,,,,,,,,,,,,,,,,,,,,,,,,,,,,,,,,,,,,,,,,,,,,,,,,,,,,,,,,,,,,,,,,,,,,,,,,,,,,,,,,,,,,,,,,,,,,,,,,,,,,,,,,,,,,,,,,,,,,,,,,,,,,,,,,,,,,,,,,,,,,,,,,,,,,,,,,,,,,,,,,,,,,
cmiot5gqtxrmyy.zj,青田县人民医院5G专网项目,丽水,青田县,LSHUPFm001BZX|LSHUPFm002BZX,,,,LSHUPFm001BZX-SM-DCGW-01|LSHUPFm002BZX-SM-DCGW-01,5G专网,,,,,,,,,,,,,,,,,,,,,,,,,,,,,,,,,,,,,,,,,,,,,,,,,,,,,,,,,,,,,,,,,,,,,,,,,,,,,,,,,,,,,,,,,,,,,,,,,,,,,,,,,,,,,,,,,,,,,,,,,,,,,,,,,,,,,,,,,,,,,,,,,,,,,,,,,,,,,,,,,,,,,,,,,,,,,,,,,,,,,,,,,,,,,,,,,,,,,,,,,,,,,,,,,,,,,,,,,,,,,,,,,,,,,,,,,,,,,,,,,,
cmiot5glsfybjyzw.zj,丽水市妇幼保健院5G专网,丽水,莲都区,LSHUPFm001BZX|LSHUPFm002BZX,,,Tunnel1129,LSHUPFm001BZX-SM-DCGW-01|LSHUPFm002BZX-SM-DCGW-01,5G专网,,,,,,,,,,,,,,,,,,,,,,,,,,,,,,,,,,,,,,,,,,,,,,,,,,,,,,,,,,,,,,,,,,,,,,,,,,,,,,,,,,,,,,,,,,,,,,,,,,,,,,,,,,,,,,,,,,,,,,,,,,,,,,,,,,,,,,,,,,,,,,,,,,,,,,,,,,,,,,,,,,,,,,,,,,,,,,,,,,,,,,,,,,,,,,,,,,,,,,,,,,,,,,,,,,,,,,,,,,,,,,,,,,,,,,,,,,,,,,,,,,
cmiot5gbsmt.zj,北三集司龙门吊视频回传项目,宁波,北仑区,NBOUPFm001BHW|NBOUPFm002BHW,H11549737宁波北仑港吉码头南NR|H11549835宁波北仑四期办公楼SFNR|H11549735宁波北仑港吉码头NR|H11549736宁波北仑远东码头NR|H11549741宁波北仑四期码头东NR|H11546690宁波北仑四期码头NR,,tunnel140,ZJNBO_YSL2F_C12_NBOUPFm002BHW_DCGW01|ZJNBO_YSL2F_D12_NBOUPFm002BHW_DCGW02,5G专网,,,,,,,,,,,,,,,,,,,,,,,,,,,,,,,,,,,,,,,,,,,,,,,,,,,,,,,,,,,,,,,,,,,,,,,,,,,,,,,,,,,,,,,,,,,,,,,,,,,,,,,,,,,,,,,,,,,,,,,,,,,,,,,,,,,,,,,,,,,,,,,,,,,,,,,,,,,,,,,,,,,,,,,,,,,,,,,,,,,,,,,,,,,,,,,,,,,,,,,,,,,,,,,,,,,,,,,,,,,,,,,,,,,,,,,,,,,,,,,,,,
cmiot5gywgjdwxm.zj,国网浙江义乌市供电有限公司订购5G专网专享开通业务,金华,义乌市,JIHUPFm001BHW|JIHUPFm002BHW,H11572950义乌机电学校NR,,,JZJHA_YSN#4F_F01_JHAUPFm001BHW_DCGW01|JZJHA_YSN#4F_G01_JHAUPFm001BHW_DCGW02,5G专网,,,,,,,,,,,,,,,,,,,,,,,,,,,,,,,,,,,,,,,,,,,,,,,,,,,,,,,,,,,,,,,,,,,,,,,,,,,,,,,,,,,,,,,,,,,,,,,,,,,,,,,,,,,,,,,,,,,,,,,,,,,,,,,,,,,,,,,,,,,,,,,,,,,,,,,,,,,,,,,,,,,,,,,,,,,,,,,,,,,,,,,,,,,,,,,,,,,,,,,,,,,,,,,,,,,,,,,,,,,,,,,,,,,,,,,,,,,,,,,,,,
cmiot5gamico.zj,埃美柯5G专网厂项目,宁波,镇海区,NBOUPFm001BHW|NBOUPFm002BHW,H11678999-宁波镇海Amico智慧工厂政企-H5W,,tunnel133,ZJNBO_YSL2F_C12_NBOUPFm002BHW_DCGW01|ZJNBO_YSL2F_D12_NBOUPFm002BHW_DCGW02,5G专网,,,,,,,,,,,,,,,,,,,,,,,,,,,,,,,,,,,,,,,,,,,,,,,,,,,,,,,,,,,,,,,,,,,,,,,,,,,,,,,,,,,,,,,,,,,,,,,,,,,,,,,,,,,,,,,,,,,,,,,,,,,,,,,,,,,,,,,,,,,,,,,,,,,,,,,,,,,,,,,,,,,,,,,,,,,,,,,,,,,,,,,,,,,,,,,,,,,,,,,,,,,,,,,,,,,,,,,,,,,,,,,,,,,,,,,,,,,,,,,,,,
cmiot5ghzhcspyl.zj,杭州宏诚食品饮料5G专网服务项目,杭州,萧山区,HZUPFm001BHW|HZUPFm002BHW,H11544305-萧山桥南传化宿舍楼-H5W,,Tunnel130,ZJHZ_CYY4#6F_J21_HZUPFm001BHW_DCGW01|ZJHZ_CYY4#6F_I24_HZUPFm001BHW_DCGW02,5G专网,,,,,,,,,,,,,,,,,,,,,,,,,,,,,,,,,,,,,,,,,,,,,,,,,,,,,,,,,,,,,,,,,,,,,,,,,,,,,,,,,,,,,,,,,,,,,,,,,,,,,,,,,,,,,,,,,,,,,,,,,,,,,,,,,,,,,,,,,,,,,,,,,,,,,,,,,,,,,,,,,,,,,,,,,,,,,,,,,,,,,,,,,,,,,,,,,,,,,,,,,,,,,,,,,,,,,,,,,,,,,,,,,,,,,,,,,,,,,,,,,,
cmiot5gmdbks.zj,浙江摩多巴克斯科技-472QA 5G车间项目,宁波,江北区,NBOUPFm001BHW|NBOUPFm002BHW,,,tunnel141,ZJNBO_YSL2F_C12_NBOUPFm002BHW_DCGW01|ZJNBO_YSL2F_D12_NBOUPFm002BHW_DCGW02,5G专网,,,,,,,,,,,,,,,,,,,,,,,,,,,,,,,,,,,,,,,,,,,,,,,,,,,,,,,,,,,,,,,,,,,,,,,,,,,,,,,,,,,,,,,,,,,,,,,,,,,,,,,,,,,,,,,,,,,,,,,,,,,,,,,,,,,,,,,,,,,,,,,,,,,,,,,,,,,,,,,,,,,,,,,,,,,,,,,,,,,,,,,,,,,,,,,,,,,,,,,,,,,,,,,,,,,,,,,,,,,,,,,,,,,,,,,,,,,,,,,,,,
cmiot5gwzyqhx.zj,温州合兴汽车电子股份有限公司5G尊享专网,温州,乐清市,WZHUPFm001BHW|WZHUPFm002BHW,H11563000温州乐清虹桥合兴集团SF|H11559924乐清虹桥过境公路北村|H11559919乐清虹桥合兴工业园,,tunne139,"ZJWZH_BH#2F_B11_WZHUPFM01BHW_DCGW01|ZJWZH_BH#2F_A13_WZHUPFM01BHW_DCGW02
",5G专网,,,,,,,,,,,,,,,,,,,,,,,,,,,,,,,,,,,,,,,,,,,,,,,,,,,,,,,,,,,,,,,,,,,,,,,,,,,,,,,,,,,,,,,,,,,,,,,,,,,,,,,,,,,,,,,,,,,,,,,,,,,,,,,,,,,,,,,,,,,,,,,,,,,,,,,,,,,,,,,,,,,,,,,,,,,,,,,,,,,,,,,,,,,,,,,,,,,,,,,,,,,,,,,,,,,,,,,,,,,,,,,,,,,,,,,,,,,,,,,,,,
cmiot5gyqdq1nb.zj,宁海县鹰峤电气智能化项目,宁波,宁海县,NBOUPFm002BHW|NBOUPFm001BHW,,,tunnel145,ZJNBO_YSL2F_C12_NBOUPFm002BHW_DCGW01|ZJNBO_YSL2F_D12_NBOUPFm002BHW_DCGW02,5G专网,,,,,,,,,,,,,,,,,,,,,,,,,,,,,,,,,,,,,,,,,,,,,,,,,,,,,,,,,,,,,,,,,,,,,,,,,,,,,,,,,,,,,,,,,,,,,,,,,,,,,,,,,,,,,,,,,,,,,,,,,,,,,,,,,,,,,,,,,,,,,,,,,,,,,,,,,,,,,,,,,,,,,,,,,,,,,,,,,,,,,,,,,,,,,,,,,,,,,,,,,,,,,,,,,,,,,,,,,,,,,,,,,,,,,,,,,,,,,,,,,,
cmiot5grxzynb01.zj,宁波日星铸业有限公司,宁波,鄞州区,NBOUPFm002BHW|NBOUPFm001BHW,Z11550964宁波象山日星铸业7号车间政企SFNR,,tunnel57,ZJNBO_YSL2F_C12_NBOUPFm002BHW_DCGW01|ZJNBO_YSL2F_D12_NBOUPFm002BHW_DCGW02,5G专网,,,,,,,,,,,,,,,,,,,,,,,,,,,,,,,,,,,,,,,,,,,,,,,,,,,,,,,,,,,,,,,,,,,,,,,,,,,,,,,,,,,,,,,,,,,,,,,,,,,,,,,,,,,,,,,,,,,,,,,,,,,,,,,,,,,,,,,,,,,,,,,,,,,,,,,,,,,,,,,,,,,,,,,,,,,,,,,,,,,,,,,,,,,,,,,,,,,,,,,,,,,,,,,,,,,,,,,,,,,,,,,,,,,,,,,,,,,,,,,,,,
CMIOT5GJHYKHESGF.ZJ,浙江哈尔斯真空器皿股份有限公司项目5G专网,金华,永康市,JIHUPFm001BHW|JIHUPFm002BHW,H11637678-金华永康卫星路二-H5H,,tunnel81,JZJHA_YSN#4F_F01_JHAUPFm001BHW_DCGW01|JZJHA_YSN#4F_G01_JHAUPFm001BHW_DCGW02,5G专网,,,,,,,,,,,,,,,,,,,,,,,,,,,,,,,,,,,,,,,,,,,,,,,,,,,,,,,,,,,,,,,,,,,,,,,,,,,,,,,,,,,,,,,,,,,,,,,,,,,,,,,,,,,,,,,,,,,,,,,,,,,,,,,,,,,,,,,,,,,,,,,,,,,,,,,,,,,,,,,,,,,,,,,,,,,,,,,,,,,,,,,,,,,,,,,,,,,,,,,,,,,,,,,,,,,,,,,,,,,,,,,,,,,,,,,,,,,,,,,,,,
cmiot5gzdld.zj,宁波中大力德智能传动股份有限公司5G数字化车间项目,宁波,慈溪市,NBOUPFm002BHW|NBOUPFm001BHW,,,tunnel58,ZJNBO_YSL2F_C12_NBOUPFm002BHW_DCGW01|ZJNBO_YSL2F_D12_NBOUPFm002BHW_DCGW02,5G专网,,,,,,,,,,,,,,,,,,,,,,,,,,,,,,,,,,,,,,,,,,,,,,,,,,,,,,,,,,,,,,,,,,,,,,,,,,,,,,,,,,,,,,,,,,,,,,,,,,,,,,,,,,,,,,,,,,,,,,,,,,,,,,,,,,,,,,,,,,,,,,,,,,,,,,,,,,,,,,,,,,,,,,,,,,,,,,,,,,,,,,,,,,,,,,,,,,,,,,,,,,,,,,,,,,,,,,,,,,,,,,,,,,,,,,,,,,,,,,,,,,
cmiot5ggdjt3qnb.zj,宁波市轨道交通工程建设期视频监控服务（一期）项目,宁波,海曙区,NBOUPFm002BHW|NBOUPFm001BHW,,,tunnel63,ZJNBO_YSL2F_C12_NBOUPFm002BHW_DCGW01|ZJNBO_YSL2F_D12_NBOUPFm002BHW_DCGW02,5G专网,,,,,,,,,,,,,,,,,,,,,,,,,,,,,,,,,,,,,,,,,,,,,,,,,,,,,,,,,,,,,,,,,,,,,,,,,,,,,,,,,,,,,,,,,,,,,,,,,,,,,,,,,,,,,,,,,,,,,,,,,,,,,,,,,,,,,,,,,,,,,,,,,,,,,,,,,,,,,,,,,,,,,,,,,,,,,,,,,,,,,,,,,,,,,,,,,,,,,,,,,,,,,,,,,,,,,,,,,,,,,,,,,,,,,,,,,,,,,,,,,,
cmiot5ghtsp.zj,宁波海通食品科技有限公司5G专网,宁波,慈溪市,NBOUPFm002BHW|NBOUPFm001BHW,,,tunnel60,ZJNBO_YSL2F_C12_NBOUPFm002BHW_DCGW01|ZJNBO_YSL2F_D12_NBOUPFm002BHW_DCGW02,5G专网,,,,,,,,,,,,,,,,,,,,,,,,,,,,,,,,,,,,,,,,,,,,,,,,,,,,,,,,,,,,,,,,,,,,,,,,,,,,,,,,,,,,,,,,,,,,,,,,,,,,,,,,,,,,,,,,,,,,,,,,,,,,,,,,,,,,,,,,,,,,,,,,,,,,,,,,,,,,,,,,,,,,,,,,,,,,,,,,,,,,,,,,,,,,,,,,,,,,,,,,,,,,,,,,,,,,,,,,,,,,,,,,,,,,,,,,,,,,,,,,,,
cmiot5gaymfz2nb.zj,浙江爱伊美服装有限公司5G专网服务项目,宁波,鄞州区,NBOUPFm002BHW|NBOUPFm001BHW,,,tunnel48,ZJNBO_YSL2F_C12_NBOUPFm002BHW_DCGW01|ZJNBO_YSL2F_D12_NBOUPFm002BHW_DCGW02,5G专网,,,,,,,,,,,,,,,,,,,,,,,,,,,,,,,,,,,,,,,,,,,,,,,,,,,,,,,,,,,,,,,,,,,,,,,,,,,,,,,,,,,,,,,,,,,,,,,,,,,,,,,,,,,,,,,,,,,,,,,,,,,,,,,,,,,,,,,,,,,,,,,,,,,,,,,,,,,,,,,,,,,,,,,,,,,,,,,,,,,,,,,,,,,,,,,,,,,,,,,,,,,,,,,,,,,,,,,,,,,,,,,,,,,,,,,,,,,,,,,,,,
CMNET,浙江移动OA项目,温州,,HZUPF007BHW|HZUPF008BHW,,,tunnel43,"ZJHZ_XSCYY4#6F_J01_HZUPF007BHW_EOR01|ZJHZ_XSCYY4#6F_J01_HZUPF007BHW_EOR02|ZJHZ_SQ2#2F_M02_HZUPF008BHW_EOR01|ZJHZ_SQ2#2F_M02_HZUPF008BHW_EOR02
",双域专网,,,,,,,,,,,,,,,,,,,,,,,,,,,,,,,,,,,,,,,,,,,,,,,,,,,,,,,,,,,,,,,,,,,,,,,,,,,,,,,,,,,,,,,,,,,,,,,,,,,,,,,,,,,,,,,,,,,,,,,,,,,,,,,,,,,,,,,,,,,,,,,,,,,,,,,,,,,,,,,,,,,,,,,,,,,,,,,,,,,,,,,,,,,,,,,,,,,,,,,,,,,,,,,,,,,,,,,,,,,,,,,,,,,,,,,,,,,,,,,,,,
cmiot5gjhdyxzyy.zj,东阳市中医院移动查房,金华,东阳市,JIHUPFm001BHW|JIHUPFm002BHW,H11572957-东阳新中医院南CRAN-H5H,,,JZJHA_YSN#4F_F01_JHAUPFm001BHW_DCGW01|JZJHA_YSN#4F_G01_JHAUPFm001BHW_DCGW02,5G专网,,,,,,,,,,,,,,,,,,,,,,,,,,,,,,,,,,,,,,,,,,,,,,,,,,,,,,,,,,,,,,,,,,,,,,,,,,,,,,,,,,,,,,,,,,,,,,,,,,,,,,,,,,,,,,,,,,,,,,,,,,,,,,,,,,,,,,,,,,,,,,,,,,,,,,,,,,,,,,,,,,,,,,,,,,,,,,,,,,,,,,,,,,,,,,,,,,,,,,,,,,,,,,,,,,,,,,,,,,,,,,,,,,,,,,,,,,,,,,,,,,
cmiot5gjhwyhlgc.zj,华丽电器制造有限公司5G智慧工厂建设项目,金华,武义县,JIHUPFm001BHW|JIHUPFm002BHW,H11570559-武义华丽电器智慧工厂-H5W,,,JZJHA_YSN#4F_F01_JHAUPFm001BHW_DCGW01|JZJHA_YSN#4F_G01_JHAUPFm001BHW_DCGW02,5G专网,,,,,,,,,,,,,,,,,,,,,,,,,,,,,,,,,,,,,,,,,,,,,,,,,,,,,,,,,,,,,,,,,,,,,,,,,,,,,,,,,,,,,,,,,,,,,,,,,,,,,,,,,,,,,,,,,,,,,,,,,,,,,,,,,,,,,,,,,,,,,,,,,,,,,,,,,,,,,,,,,,,,,,,,,,,,,,,,,,,,,,,,,,,,,,,,,,,,,,,,,,,,,,,,,,,,,,,,,,,,,,,,,,,,,,,,,,,,,,,,,,
cmiot5ghwqcnb.zj,宁波海威汽车零件股份有限公司5G专网服务项目,宁波,奉化区,NBOUPFm001BHW|NBOUPFm002BHW,Z11551124宁波奉化开发区华拓公司NR,,tunnel43,ZJNBO_YSL2F_C12_NBOUPFm002BHW_DCGW01|ZJNBO_YSL2F_D12_NBOUPFm002BHW_DCGW02,5G专网,,,,,,,,,,,,,,,,,,,,,,,,,,,,,,,,,,,,,,,,,,,,,,,,,,,,,,,,,,,,,,,,,,,,,,,,,,,,,,,,,,,,,,,,,,,,,,,,,,,,,,,,,,,,,,,,,,,,,,,,,,,,,,,,,,,,,,,,,,,,,,,,,,,,,,,,,,,,,,,,,,,,,,,,,,,,,,,,,,,,,,,,,,,,,,,,,,,,,,,,,,,,,,,,,,,,,,,,,,,,,,,,,,,,,,,,,,,,,,,,,,
cmiot5gjhwcwbgc.zj,浙江金华威邦机电5G未来工厂项目,金华,婺城区,JIHUPFm001BHW|JIHUPFm002BHW,H11571103-金华婺城威邦机电科技有限公司-H5W,,,JZJHA_YSN#4F_F01_JHAUPFm001BHW_DCGW01|JZJHA_YSN#4F_G01_JHAUPFm001BHW_DCGW02,5G专网,,,,,,,,,,,,,,,,,,,,,,,,,,,,,,,,,,,,,,,,,,,,,,,,,,,,,,,,,,,,,,,,,,,,,,,,,,,,,,,,,,,,,,,,,,,,,,,,,,,,,,,,,,,,,,,,,,,,,,,,,,,,,,,,,,,,,,,,,,,,,,,,,,,,,,,,,,,,,,,,,,,,,,,,,,,,,,,,,,,,,,,,,,,,,,,,,,,,,,,,,,,,,,,,,,,,,,,,,,,,,,,,,,,,,,,,,,,,,,,,,,
cmiot5gsxzxdqszh.zj,绍兴中新电器有限公司5G数字化车间项目,绍兴,越城区,SHXUPFm001BHW|SHXUPFm002BHW,,,,ZJSX_SNL4F_B01_SHXUPFm001BHW_DCGW01|ZJSX_SNL4F_C01_SHXUPFm001BHW_DCGW02,5G专网,,,,,,,,,,,,,,,,,,,,,,,,,,,,,,,,,,,,,,,,,,,,,,,,,,,,,,,,,,,,,,,,,,,,,,,,,,,,,,,,,,,,,,,,,,,,,,,,,,,,,,,,,,,,,,,,,,,,,,,,,,,,,,,,,,,,,,,,,,,,,,,,,,,,,,,,,,,,,,,,,,,,,,,,,,,,,,,,,,,,,,,,,,,,,,,,,,,,,,,,,,,,,,,,,,,,,,,,,,,,,,,,,,,,,,,,,,,,,,,,,,
cmiot5gzhgknb.zj,宁波梅东集装箱码头有限公司5G+智慧港口（新DNN）,宁波,北仑区,NBOMSGUPFm001CHW,H11554575宁波北仑梅山汇聚机房政企CRAN|H11554574宁波北仑梅山汇聚机房政企CRAN|H11554573宁波北仑梅山汇聚机房政企CRAN|H11553020-宁波北仑梅山汇聚CRAN-H5H|H11677699-宁波北仑梅山汇聚机房CRAN-H5H|H11554779宁波北仑梅西接入机房CRAN,,无隧道,NBOMSGUPFm001CHW_DCGW01|NBOMSGUPFm001CHW_DCGW02,5G专网,,,,,,,,,,,,,,,,,,,,,,,,,,,,,,,,,,,,,,,,,,,,,,,,,,,,,,,,,,,,,,,,,,,,,,,,,,,,,,,,,,,,,,,,,,,,,,,,,,,,,,,,,,,,,,,,,,,,,,,,,,,,,,,,,,,,,,,,,,,,,,,,,,,,,,,,,,,,,,,,,,,,,,,,,,,,,,,,,,,,,,,,,,,,,,,,,,,,,,,,,,,,,,,,,,,,,,,,,,,,,,,,,,,,,,,,,,,,,,,,,,
cmiot5gsxsykj.zj,浙江盛洋科技股份有限公司5G数字化车间项目,绍兴,越城区,SHXUPFm001BHW|SHXUPFm002BHW,H11584118绍兴东湖东湖景区NR|H11584146绍兴东湖东湖景区南NR,,,ZJSX_SNL4F_B01_SHXUPFm001BHW_DCGW01|ZJSX_SNL4F_C01_SHXUPFm001BHW_DCGW02,5G专网,,,,,,,,,,,,,,,,,,,,,,,,,,,,,,,,,,,,,,,,,,,,,,,,,,,,,,,,,,,,,,,,,,,,,,,,,,,,,,,,,,,,,,,,,,,,,,,,,,,,,,,,,,,,,,,,,,,,,,,,,,,,,,,,,,,,,,,,,,,,,,,,,,,,,,,,,,,,,,,,,,,,,,,,,,,,,,,,,,,,,,,,,,,,,,,,,,,,,,,,,,,,,,,,,,,,,,,,,,,,,,,,,,,,,,,,,,,,,,,,,,
cmiot5gwzycwlps.zj,温州烟草卷烟配送中心5G专网,温州,鹿城区,WZHWZYCUPFm002CHW|WZHWZYCUPFm001CHW,H11559646-龙湾金海园区东汇聚CRAN-H5H|H11561504-龙湾金海园区东全业务接入汇聚机房CRAN-H5H|H11561498-龙湾金海园区东全业务接入汇聚机房CRAN-H5H|H11561462-龙湾金海园区汇聚机房CRAN-H5H|H11620537-温州龙湾海城工业区汇聚CRAN-H5H|H11620540-温州龙湾金海园区东全业务接入汇聚CRAN-H5H|H11561507-龙湾金海园区东全业务接入汇聚机房CRAN-H5H|H11562819温州龙湾滨海卷烟物流配送中心SFNR_GNODEB,,无隧道,WZHWZYCUPFm002CHW_DCGW01|WZHWZYCUPFm002CHW_DCGW02,5G专网,,,,,,,,,,,,,,,,,,,,,,,,,,,,,,,,,,,,,,,,,,,,,,,,,,,,,,,,,,,,,,,,,,,,,,,,,,,,,,,,,,,,,,,,,,,,,,,,,,,,,,,,,,,,,,,,,,,,,,,,,,,,,,,,,,,,,,,,,,,,,,,,,,,,,,,,,,,,,,,,,,,,,,,,,,,,,,,,,,,,,,,,,,,,,,,,,,,,,,,,,,,,,,,,,,,,,,,,,,,,,,,,,,,,,,,,,,,,,,,,,,
sx5gsyzwsznsh.zj,浙江嵊州农村商业银行股份有限公司双域专网,绍兴,嵊州县,HZUPF007BHW|HZUPF008BHW,,,,"ZJHZ_XSCYY4#6F_J01_HZUPF007BHW_EOR01|ZJHZ_XSCYY4#6F_J01_HZUPF007BHW_EOR02|ZJHZ_SQ2#2F_M02_HZUPF008BHW_EOR01|ZJHZ_SQ2#2F_M02_HZUPF008BHW_EOR02
",双域专网,,,,,,,,,,,,,,,,,,,,,,,,,,,,,,,,,,,,,,,,,,,,,,,,,,,,,,,,,,,,,,,,,,,,,,,,,,,,,,,,,,,,,,,,,,,,,,,,,,,,,,,,,,,,,,,,,,,,,,,,,,,,,,,,,,,,,,,,,,,,,,,,,,,,,,,,,,,,,,,,,,,,,,,,,,,,,,,,,,,,,,,,,,,,,,,,,,,,,,,,,,,,,,,,,,,,,,,,,,,,,,,,,,,,,,,,,,,,,,,,,,
hz5gsyzwzmcc.zj,移动OA双域专网项目(新),省公司,,HZUPF007BHW|HZUPF008BHW,,,,"ZJHZ_XSCYY4#6F_J01_HZUPF007BHW_EOR01|ZJHZ_XSCYY4#6F_J01_HZUPF007BHW_EOR02|ZJHZ_SQ2#2F_M02_HZUPF008BHW_EOR01|ZJHZ_SQ2#2F_M02_HZUPF008BHW_EOR02
",双域专网,,,,,,,,,,,,,,,,,,,,,,,,,,,,,,,,,,,,,,,,,,,,,,,,,,,,,,,,,,,,,,,,,,,,,,,,,,,,,,,,,,,,,,,,,,,,,,,,,,,,,,,,,,,,,,,,,,,,,,,,,,,,,,,,,,,,,,,,,,,,,,,,,,,,,,,,,,,,,,,,,,,,,,,,,,,,,,,,,,,,,,,,,,,,,,,,,,,,,,,,,,,,,,,,,,,,,,,,,,,,,,,,,,,,,,,,,,,,,,,,,,
nb5gsyzwzjfz.zj,浙江纺织服装职业技术学院双域专网,宁波,江北区,HZUPF007BHW|HZUPF008BHW,,,,"ZJHZ_XSCYY4#6F_J01_HZUPF007BHW_EOR01|ZJHZ_XSCYY4#6F_J01_HZUPF007BHW_EOR02|ZJHZ_SQ2#2F_M02_HZUPF008BHW_EOR01|ZJHZ_SQ2#2F_M02_HZUPF008BHW_EOR02
",双域专网,,,,,,,,,,,,,,,,,,,,,,,,,,,,,,,,,,,,,,,,,,,,,,,,,,,,,,,,,,,,,,,,,,,,,,,,,,,,,,,,,,,,,,,,,,,,,,,,,,,,,,,,,,,,,,,,,,,,,,,,,,,,,,,,,,,,,,,,,,,,,,,,,,,,,,,,,,,,,,,,,,,,,,,,,,,,,,,,,,,,,,,,,,,,,,,,,,,,,,,,,,,,,,,,,,,,,,,,,,,,,,,,,,,,,,,,,,,,,,,,,,
tz5gsyzwwlzy.zj,温岭市中医院双域专网项目,台州,温岭市,HZUPF007BHW|HZUPF008BHW,,,,"ZJHZ_XSCYY4#6F_J01_HZUPF007BHW_EOR01|ZJHZ_XSCYY4#6F_J01_HZUPF007BHW_EOR02|ZJHZ_SQ2#2F_M02_HZUPF008BHW_EOR01|ZJHZ_SQ2#2F_M02_HZUPF008BHW_EOR02
",双域专网,,,,,,,,,,,,,,,,,,,,,,,,,,,,,,,,,,,,,,,,,,,,,,,,,,,,,,,,,,,,,,,,,,,,,,,,,,,,,,,,,,,,,,,,,,,,,,,,,,,,,,,,,,,,,,,,,,,,,,,,,,,,,,,,,,,,,,,,,,,,,,,,,,,,,,,,,,,,,,,,,,,,,,,,,,,,,,,,,,,,,,,,,,,,,,,,,,,,,,,,,,,,,,,,,,,,,,,,,,,,,,,,,,,,,,,,,,,,,,,,,,
huz5gsyzwzhcsyjy.zj,湖州智慧城市研究院有限公司5G双域专网,湖州,吴兴区,HZUPF007BHW|HZUPF008BHW,,,,"ZJHZ_XSCYY4#6F_J01_HZUPF007BHW_EOR01|ZJHZ_XSCYY4#6F_J01_HZUPF007BHW_EOR02|ZJHZ_SQ2#2F_M02_HZUPF008BHW_EOR01|ZJHZ_SQ2#2F_M02_HZUPF008BHW_EOR02
",双域专网,,,,,,,,,,,,,,,,,,,,,,,,,,,,,,,,,,,,,,,,,,,,,,,,,,,,,,,,,,,,,,,,,,,,,,,,,,,,,,,,,,,,,,,,,,,,,,,,,,,,,,,,,,,,,,,,,,,,,,,,,,,,,,,,,,,,,,,,,,,,,,,,,,,,,,,,,,,,,,,,,,,,,,,,,,,,,,,,,,,,,,,,,,,,,,,,,,,,,,,,,,,,,,,,,,,,,,,,,,,,,,,,,,,,,,,,,,,,,,,,,,
nb5gsyzwnbu.zj,宁波大学双域专网项目,宁波,镇海区,HZUPF007BHW|HZUPF009BHW,,,,"ZJHZ_XSCYY4#6F_J01_HZUPF007BHW_EOR01|ZJHZ_XSCYY4#6F_J01_HZUPF007BHW_EOR02|ZJHZ_SQ2#2F_M02_HZUPF008BHW_EOR01|ZJHZ_SQ2#2F_M02_HZUPF008BHW_EOR03
",双域专网,,,,,,,,,,,,,,,,,,,,,,,,,,,,,,,,,,,,,,,,,,,,,,,,,,,,,,,,,,,,,,,,,,,,,,,,,,,,,,,,,,,,,,,,,,,,,,,,,,,,,,,,,,,,,,,,,,,,,,,,,,,,,,,,,,,,,,,,,,,,,,,,,,,,,,,,,,,,,,,,,,,,,,,,,,,,,,,,,,,,,,,,,,,,,,,,,,,,,,,,,,,,,,,,,,,,,,,,,,,,,,,,,,,,,,,,,,,,,,,,,,
nb5gsyzwntu.zj,浙大宁波理工学院双域专网项目,宁波,江东区,HZUPF007BHW|HZUPF010BHW,,,,"ZJHZ_XSCYY4#6F_J01_HZUPF007BHW_EOR01|ZJHZ_XSCYY4#6F_J01_HZUPF007BHW_EOR02|ZJHZ_SQ2#2F_M02_HZUPF008BHW_EOR01|ZJHZ_SQ2#2F_M02_HZUPF008BHW_EOR04
",双域专网,,,,,,,,,,,,,,,,,,,,,,,,,,,,,,,,,,,,,,,,,,,,,,,,,,,,,,,,,,,,,,,,,,,,,,,,,,,,,,,,,,,,,,,,,,,,,,,,,,,,,,,,,,,,,,,,,,,,,,,,,,,,,,,,,,,,,,,,,,,,,,,,,,,,,,,,,,,,,,,,,,,,,,,,,,,,,,,,,,,,,,,,,,,,,,,,,,,,,,,,,,,,,,,,,,,,,,,,,,,,,,,,,,,,,,,,,,,,,,,,,,
nb5gsyzwcj01.zj,宁波财经学院双域专网项目,宁波,江东区,HZUPF007BHW|HZUPF012BHW,,,,"ZJHZ_XSCYY4#6F_J01_HZUPF007BHW_EOR01|ZJHZ_XSCYY4#6F_J01_HZUPF007BHW_EOR02|ZJHZ_SQ2#2F_M02_HZUPF008BHW_EOR01|ZJHZ_SQ2#2F_M02_HZUPF008BHW_EOR06
",双域专网,,,,,,,,,,,,,,,,,,,,,,,,,,,,,,,,,,,,,,,,,,,,,,,,,,,,,,,,,,,,,,,,,,,,,,,,,,,,,,,,,,,,,,,,,,,,,,,,,,,,,,,,,,,,,,,,,,,,,,,,,,,,,,,,,,,,,,,,,,,,,,,,,,,,,,,,,,,,,,,,,,,,,,,,,,,,,,,,,,,,,,,,,,,,,,,,,,,,,,,,,,,,,,,,,,,,,,,,,,,,,,,,,,,,,,,,,,,,,,,,,,
nb5gsyzwgdxseq.zj,国电象山海上风电有限公司双域专网项目,宁波,象山市,HZUPF007BHW|HZUPF013BHW,,,,"ZJHZ_XSCYY4#6F_J01_HZUPF007BHW_EOR01|ZJHZ_XSCYY4#6F_J01_HZUPF007BHW_EOR02|ZJHZ_SQ2#2F_M02_HZUPF008BHW_EOR01|ZJHZ_SQ2#2F_M02_HZUPF008BHW_EOR07
",双域专网,,,,,,,,,,,,,,,,,,,,,,,,,,,,,,,,,,,,,,,,,,,,,,,,,,,,,,,,,,,,,,,,,,,,,,,,,,,,,,,,,,,,,,,,,,,,,,,,,,,,,,,,,,,,,,,,,,,,,,,,,,,,,,,,,,,,,,,,,,,,,,,,,,,,,,,,,,,,,,,,,,,,,,,,,,,,,,,,,,,,,,,,,,,,,,,,,,,,,,,,,,,,,,,,,,,,,,,,,,,,,,,,,,,,,,,,,,,,,,,,,,
nb5gsyzwycnsh.zj,甬城农商行双域专网项目,宁波,海曙区,HZUPF007BHW|HZUPF014BHW,,,,"ZJHZ_XSCYY4#6F_J01_HZUPF007BHW_EOR01|ZJHZ_XSCYY4#6F_J01_HZUPF007BHW_EOR02|ZJHZ_SQ2#2F_M02_HZUPF008BHW_EOR01|ZJHZ_SQ2#2F_M02_HZUPF008BHW_EOR08
",双域专网,,,,,,,,,,,,,,,,,,,,,,,,,,,,,,,,,,,,,,,,,,,,,,,,,,,,,,,,,,,,,,,,,,,,,,,,,,,,,,,,,,,,,,,,,,,,,,,,,,,,,,,,,,,,,,,,,,,,,,,,,,,,,,,,,,,,,,,,,,,,,,,,,,,,,,,,,,,,,,,,,,,,,,,,,,,,,,,,,,,,,,,,,,,,,,,,,,,,,,,,,,,,,,,,,,,,,,,,,,,,,,,,,,,,,,,,,,,,,,,,,,
nb5gsyzwxsrmyy.zj,象山人民医院双域专网项目,宁波,象山市,HZUPF007BHW|HZUPF015BHW,,,,"ZJHZ_XSCYY4#6F_J01_HZUPF007BHW_EOR01|ZJHZ_XSCYY4#6F_J01_HZUPF007BHW_EOR02|ZJHZ_SQ2#2F_M02_HZUPF008BHW_EOR01|ZJHZ_SQ2#2F_M02_HZUPF008BHW_EOR09
",双域专网,,,,,,,,,,,,,,,,,,,,,,,,,,,,,,,,,,,,,,,,,,,,,,,,,,,,,,,,,,,,,,,,,,,,,,,,,,,,,,,,,,,,,,,,,,,,,,,,,,,,,,,,,,,,,,,,,,,,,,,,,,,,,,,,,,,,,,,,,,,,,,,,,,,,,,,,,,,,,,,,,,,,,,,,,,,,,,,,,,,,,,,,,,,,,,,,,,,,,,,,,,,,,,,,,,,,,,,,,,,,,,,,,,,,,,,,,,,,,,,,,,
tz5gsyzwyljx.zj,浙江银轮机械股份双域专网项目,台州,天台县,HZUPF007BHW|HZUPF016BHW,,,,"ZJHZ_XSCYY4#6F_J01_HZUPF007BHW_EOR01|ZJHZ_XSCYY4#6F_J01_HZUPF007BHW_EOR02|ZJHZ_SQ2#2F_M02_HZUPF008BHW_EOR01|ZJHZ_SQ2#2F_M02_HZUPF008BHW_EOR10
",双域专网,,,,,,,,,,,,,,,,,,,,,,,,,,,,,,,,,,,,,,,,,,,,,,,,,,,,,,,,,,,,,,,,,,,,,,,,,,,,,,,,,,,,,,,,,,,,,,,,,,,,,,,,,,,,,,,,,,,,,,,,,,,,,,,,,,,,,,,,,,,,,,,,,,,,,,,,,,,,,,,,,,,,,,,,,,,,,,,,,,,,,,,,,,,,,,,,,,,,,,,,,,,,,,,,,,,,,,,,,,,,,,,,,,,,,,,,,,,,,,,,,,
tz5gsyzwwldj.zj,温岭市大江商场设施制造双域专网项目,台州,温岭市,HZUPF007BHW|HZUPF017BHW,,,,"ZJHZ_XSCYY4#6F_J01_HZUPF007BHW_EOR01|ZJHZ_XSCYY4#6F_J01_HZUPF007BHW_EOR02|ZJHZ_SQ2#2F_M02_HZUPF008BHW_EOR01|ZJHZ_SQ2#2F_M02_HZUPF008BHW_EOR11
",双域专网,,,,,,,,,,,,,,,,,,,,,,,,,,,,,,,,,,,,,,,,,,,,,,,,,,,,,,,,,,,,,,,,,,,,,,,,,,,,,,,,,,,,,,,,,,,,,,,,,,,,,,,,,,,,,,,,,,,,,,,,,,,,,,,,,,,,,,,,,,,,,,,,,,,,,,,,,,,,,,,,,,,,,,,,,,,,,,,,,,,,,,,,,,,,,,,,,,,,,,,,,,,,,,,,,,,,,,,,,,,,,,,,,,,,,,,,,,,,,,,,,,
tz5gsyzwygzhwy01.zj,浙江阳光智慧物业双域专网项目,台州,椒江区,HZUPF007BHW|HZUPF019BHW,,,,"ZJHZ_XSCYY4#6F_J01_HZUPF007BHW_EOR01|ZJHZ_XSCYY4#6F_J01_HZUPF007BHW_EOR02|ZJHZ_SQ2#2F_M02_HZUPF008BHW_EOR01|ZJHZ_SQ2#2F_M02_HZUPF008BHW_EOR13
",双域专网,,,,,,,,,,,,,,,,,,,,,,,,,,,,,,,,,,,,,,,,,,,,,,,,,,,,,,,,,,,,,,,,,,,,,,,,,,,,,,,,,,,,,,,,,,,,,,,,,,,,,,,,,,,,,,,,,,,,,,,,,,,,,,,,,,,,,,,,,,,,,,,,,,,,,,,,,,,,,,,,,,,,,,,,,,,,,,,,,,,,,,,,,,,,,,,,,,,,,,,,,,,,,,,,,,,,,,,,,,,,,,,,,,,,,,,,,,,,,,,,,,
tz5gsyzwzjsywl.zj,浙江双友物流器械双域专网项目,台州,玉环县,HZUPF007BHW|HZUPF020BHW,,,,"ZJHZ_XSCYY4#6F_J01_HZUPF007BHW_EOR01|ZJHZ_XSCYY4#6F_J01_HZUPF007BHW_EOR02|ZJHZ_SQ2#2F_M02_HZUPF008BHW_EOR01|ZJHZ_SQ2#2F_M02_HZUPF008BHW_EOR14
",双域专网,,,,,,,,,,,,,,,,,,,,,,,,,,,,,,,,,,,,,,,,,,,,,,,,,,,,,,,,,,,,,,,,,,,,,,,,,,,,,,,,,,,,,,,,,,,,,,,,,,,,,,,,,,,,,,,,,,,,,,,,,,,,,,,,,,,,,,,,,,,,,,,,,,,,,,,,,,,,,,,,,,,,,,,,,,,,,,,,,,,,,,,,,,,,,,,,,,,,,,,,,,,,,,,,,,,,,,,,,,,,,,,,,,,,,,,,,,,,,,,,,,
tz5gsyzwhhyy.zj,浙江华海药业股份双域专网项目,台州,临海市,HZUPF007BHW|HZUPF021BHW,,,,"ZJHZ_XSCYY4#6F_J01_HZUPF007BHW_EOR01|ZJHZ_XSCYY4#6F_J01_HZUPF007BHW_EOR02|ZJHZ_SQ2#2F_M02_HZUPF008BHW_EOR01|ZJHZ_SQ2#2F_M02_HZUPF008BHW_EOR15
",双域专网,,,,,,,,,,,,,,,,,,,,,,,,,,,,,,,,,,,,,,,,,,,,,,,,,,,,,,,,,,,,,,,,,,,,,,,,,,,,,,,,,,,,,,,,,,,,,,,,,,,,,,,,,,,,,,,,,,,,,,,,,,,,,,,,,,,,,,,,,,,,,,,,,,,,,,,,,,,,,,,,,,,,,,,,,,,,,,,,,,,,,,,,,,,,,,,,,,,,,,,,,,,,,,,,,,,,,,,,,,,,,,,,,,,,,,,,,,,,,,,,,,
tz5gsyzwctzy.zj,浙江车头制药股份双域专网项目,台州,仙居县,HZUPF007BHW|HZUPF022BHW,,,,"ZJHZ_XSCYY4#6F_J01_HZUPF007BHW_EOR01|ZJHZ_XSCYY4#6F_J01_HZUPF007BHW_EOR02|ZJHZ_SQ2#2F_M02_HZUPF008BHW_EOR01|ZJHZ_SQ2#2F_M02_HZUPF008BHW_EOR16
",双域专网,,,,,,,,,,,,,,,,,,,,,,,,,,,,,,,,,,,,,,,,,,,,,,,,,,,,,,,,,,,,,,,,,,,,,,,,,,,,,,,,,,,,,,,,,,,,,,,,,,,,,,,,,,,,,,,,,,,,,,,,,,,,,,,,,,,,,,,,,,,,,,,,,,,,,,,,,,,,,,,,,,,,,,,,,,,,,,,,,,,,,,,,,,,,,,,,,,,,,,,,,,,,,,,,,,,,,,,,,,,,,,,,,,,,,,,,,,,,,,,,,,
tz5gsyzwyhsjyjszx.zj,玉环市教育局双域专网项目,台州,玉环县,HZUPF007BHW|HZUPF023BHW,,,,"ZJHZ_XSCYY4#6F_J01_HZUPF007BHW_EOR01|ZJHZ_XSCYY4#6F_J01_HZUPF007BHW_EOR02|ZJHZ_SQ2#2F_M02_HZUPF008BHW_EOR01|ZJHZ_SQ2#2F_M02_HZUPF008BHW_EOR17
",双域专网,,,,,,,,,,,,,,,,,,,,,,,,,,,,,,,,,,,,,,,,,,,,,,,,,,,,,,,,,,,,,,,,,,,,,,,,,,,,,,,,,,,,,,,,,,,,,,,,,,,,,,,,,,,,,,,,,,,,,,,,,,,,,,,,,,,,,,,,,,,,,,,,,,,,,,,,,,,,,,,,,,,,,,,,,,,,,,,,,,,,,,,,,,,,,,,,,,,,,,,,,,,,,,,,,,,,,,,,,,,,,,,,,,,,,,,,,,,,,,,,,,
cmiot5gtpdznb.zj,宁波拓普汽车电子有限公司5G专网项目,宁波,慈溪市,NBOUPFm001BHW|NBOUPFm002BHW,H11679473-宁波慈溪杭州湾拓普二期G车间-H5W,,tunnel151,,5G专网,,,,,,,,,,,,,,,,,,,,,,,,,,,,,,,,,,,,,,,,,,,,,,,,,,,,,,,,,,,,,,,,,,,,,,,,,,,,,,,,,,,,,,,,,,,,,,,,,,,,,,,,,,,,,,,,,,,,,,,,,,,,,,,,,,,,,,,,,,,,,,,,,,,,,,,,,,,,,,,,,,,,,,,,,,,,,,,,,,,,,,,,,,,,,,,,,,,,,,,,,,,,,,,,,,,,,,,,,,,,,,,,,,,,,,,,,,,,,,,,,,
cmiot5gajnmny.zj,浙江纳美新材料股份有限公司5G+能源管理项目,湖州,安吉县,HUZUPFm001BHW|HUZUPFm002BHW,E11707843-HZAJyongyixinchangqubangonglou-E5W,,tunnel1040,ZJHUZ_FHL#4F_A09_HUZUPFm001BHW_DCGW01|ZJHUZ_FHL#4F_B08_HUZUPFm001BHW_DCGW02,5G专网,,,,,,,,,,,,,,,,,,,,,,,,,,,,,,,,,,,,,,,,,,,,,,,,,,,,,,,,,,,,,,,,,,,,,,,,,,,,,,,,,,,,,,,,,,,,,,,,,,,,,,,,,,,,,,,,,,,,,,,,,,,,,,,,,,,,,,,,,,,,,,,,,,,,,,,,,,,,,,,,,,,,,,,,,,,,,,,,,,,,,,,,,,,,,,,,,,,,,,,,,,,,,,,,,,,,,,,,,,,,,,,,,,,,,,,,,,,,,,,,,,
cmiot5gjsdqnb.zj,宁波吉盛电器有限公司5G专网方案,宁波,慈溪市,NBOUPFm001BHW|NBOUPFm002BHW,,,tunnel160,ZJNBO_YSL2F_C12_NBOUPFm002BHW_DCGW01|ZJNBO_YSL2F_D12_NBOUPFm002BHW_DCGW02,5G专网,,,,,,,,,,,,,,,,,,,,,,,,,,,,,,,,,,,,,,,,,,,,,,,,,,,,,,,,,,,,,,,,,,,,,,,,,,,,,,,,,,,,,,,,,,,,,,,,,,,,,,,,,,,,,,,,,,,,,,,,,,,,,,,,,,,,,,,,,,,,,,,,,,,,,,,,,,,,,,,,,,,,,,,,,,,,,,,,,,,,,,,,,,,,,,,,,,,,,,,,,,,,,,,,,,,,,,,,,,,,,,,,,,,,,,,,,,,,,,,,,,
cmiot5gyygygjnb.zj,宁波固远管件有限公司新建5G专网项目,宁波,余姚市,NBOUPFm001BHW|NBOUPFm002BHW,H11552536-宁波余姚凤翔路节点机房CRAN-H5H,,tunnel148,ZJNBO_YSL2F_C12_NBOUPFm002BHW_DCGW01|ZJNBO_YSL2F_D12_NBOUPFm002BHW_DCGW02,5G专网,,,,,,,,,,,,,,,,,,,,,,,,,,,,,,,,,,,,,,,,,,,,,,,,,,,,,,,,,,,,,,,,,,,,,,,,,,,,,,,,,,,,,,,,,,,,,,,,,,,,,,,,,,,,,,,,,,,,,,,,,,,,,,,,,,,,,,,,,,,,,,,,,,,,,,,,,,,,,,,,,,,,,,,,,,,,,,,,,,,,,,,,,,,,,,,,,,,,,,,,,,,,,,,,,,,,,,,,,,,,,,,,,,,,,,,,,,,,,,,,,,
cmiot5gdgyhnb.zj,大港引航5G专网,宁波,鄞州区,NBOUPFm001BHW|NBOUPFm002BHW,,,,ZJNBO_YSL2F_C12_NBOUPFm002BHW_DCGW01|ZJNBO_YSL2F_D12_NBOUPFm002BHW_DCGW02,5G专网,,,,,,,,,,,,,,,,,,,,,,,,,,,,,,,,,,,,,,,,,,,,,,,,,,,,,,,,,,,,,,,,,,,,,,,,,,,,,,,,,,,,,,,,,,,,,,,,,,,,,,,,,,,,,,,,,,,,,,,,,,,,,,,,,,,,,,,,,,,,,,,,,,,,,,,,,,,,,,,,,,,,,,,,,,,,,,,,,,,,,,,,,,,,,,,,,,,,,,,,,,,,,,,,,,,,,,,,,,,,,,,,,,,,,,,,,,,,,,,,,,
cmiot5ggzjx.zj,慈溪市广正机械制造有限公司5G专网方案,宁波,慈溪市,NBOUPFm001BHW|NBOUPFm002BHW,H11550388_宁波慈溪横河东畈CRAN|H11679520宁波慈溪市广正机械制造有限公司数字车间SFNR,,tunnel161,ZJNBO_YSL2F_C12_NBOUPFm002BHW_DCGW01|ZJNBO_YSL2F_D12_NBOUPFm002BHW_DCGW02,5G专网,,,,,,,,,,,,,,,,,,,,,,,,,,,,,,,,,,,,,,,,,,,,,,,,,,,,,,,,,,,,,,,,,,,,,,,,,,,,,,,,,,,,,,,,,,,,,,,,,,,,,,,,,,,,,,,,,,,,,,,,,,,,,,,,,,,,,,,,,,,,,,,,,,,,,,,,,,,,,,,,,,,,,,,,,,,,,,,,,,,,,,,,,,,,,,,,,,,,,,,,,,,,,,,,,,,,,,,,,,,,,,,,,,,,,,,,,,,,,,,,,,
cmiot5ggsdznb.zj,宁波高松电子有限公司5G专网方案,宁波,慈溪市,NBOUPFm001BHW|NBOUPFm002BHW,,,tunnel165,ZJNBO_YSL2F_C12_NBOUPFm002BHW_DCGW01|ZJNBO_YSL2F_D12_NBOUPFm002BHW_DCGW02,5G专网,,,,,,,,,,,,,,,,,,,,,,,,,,,,,,,,,,,,,,,,,,,,,,,,,,,,,,,,,,,,,,,,,,,,,,,,,,,,,,,,,,,,,,,,,,,,,,,,,,,,,,,,,,,,,,,,,,,,,,,,,,,,,,,,,,,,,,,,,,,,,,,,,,,,,,,,,,,,,,,,,,,,,,,,,,,,,,,,,,,,,,,,,,,,,,,,,,,,,,,,,,,,,,,,,,,,,,,,,,,,,,,,,,,,,,,,,,,,,,,,,,
cmiot5gdcdj1nb.zj,宁波德昌电机股份有限公司5G+工业互联网项目,宁波,余姚市,NBOUPFm001BHW|NBOUPFm002BHW,,,tunnel158,ZJNBO_YSL2F_C12_NBOUPFm002BHW_DCGW01|ZJNBO_YSL2F_D12_NBOUPFm002BHW_DCGW02,5G专网,,,,,,,,,,,,,,,,,,,,,,,,,,,,,,,,,,,,,,,,,,,,,,,,,,,,,,,,,,,,,,,,,,,,,,,,,,,,,,,,,,,,,,,,,,,,,,,,,,,,,,,,,,,,,,,,,,,,,,,,,,,,,,,,,,,,,,,,,,,,,,,,,,,,,,,,,,,,,,,,,,,,,,,,,,,,,,,,,,,,,,,,,,,,,,,,,,,,,,,,,,,,,,,,,,,,,,,,,,,,,,,,,,,,,,,,,,,,,,,,,,
cmiot5gmdbks1nb.zj,摩多科技-慈城5G工厂项目,宁波,江北区,NBOUPFm001BHW|NBOUPFm002BHW,H11679719-宁波江北摩多巴克斯二期4.9lampsite-H5W,,tunnel156,ZJNBO_YSL2F_C12_NBOUPFm002BHW_DCGW01|ZJNBO_YSL2F_D12_NBOUPFm002BHW_DCGW02,5G专网,,,,,,,,,,,,,,,,,,,,,,,,,,,,,,,,,,,,,,,,,,,,,,,,,,,,,,,,,,,,,,,,,,,,,,,,,,,,,,,,,,,,,,,,,,,,,,,,,,,,,,,,,,,,,,,,,,,,,,,,,,,,,,,,,,,,,,,,,,,,,,,,,,,,,,,,,,,,,,,,,,,,,,,,,,,,,,,,,,,,,,,,,,,,,,,,,,,,,,,,,,,,,,,,,,,,,,,,,,,,,,,,,,,,,,,,,,,,,,,,,,
cmiot5gjhjkjxms2.zj,嘉兴玛氏食品5G无人叉车项目,嘉兴,南湖区,JXIUPFm001BZX|JXIUPFm002BZX,Z11580351嘉兴秀洲玛氏巧克力新工厂SFQcell,,,JXIUPFm001BZX-SM-DCGW-01,5G专网,,,,,,,,,,,,,,,,,,,,,,,,,,,,,,,,,,,,,,,,,,,,,,,,,,,,,,,,,,,,,,,,,,,,,,,,,,,,,,,,,,,,,,,,,,,,,,,,,,,,,,,,,,,,,,,,,,,,,,,,,,,,,,,,,,,,,,,,,,,,,,,,,,,,,,,,,,,,,,,,,,,,,,,,,,,,,,,,,,,,,,,,,,,,,,,,,,,,,,,,,,,,,,,,,,,,,,,,,,,,,,,,,,,,,,,,,,,,,,,,,,
cmiot5gqzjstjhg.zj,浙江天际互感5G专网,衢州,江山市,QUZTJHGQUPFm001CZX,Z11592867江山城南汇聚LY信源池三-Z5H|Z11592865江山城南汇聚LY信源池-Z5H|Z11592066江山新塘底村LY信源池-Z5H|Z11593047-江山清湖路口CRAN-Z5W,,无隧道,QUZTJHGQUPFm001CZX_DCGW01,5G专网,,,,,,,,,,,,,,,,,,,,,,,,,,,,,,,,,,,,,,,,,,,,,,,,,,,,,,,,,,,,,,,,,,,,,,,,,,,,,,,,,,,,,,,,,,,,,,,,,,,,,,,,,,,,,,,,,,,,,,,,,,,,,,,,,,,,,,,,,,,,,,,,,,,,,,,,,,,,,,,,,,,,,,,,,,,,,,,,,,,,,,,,,,,,,,,,,,,,,,,,,,,,,,,,,,,,,,,,,,,,,,,,,,,,,,,,,,,,,,,,,,
cmiot5gqzjsymdmy.zj,衢州江山亿美达门业5G专网,衢州,江山市,QUZUPFm001BZX|QUZUPFm002BZX,"
Z11592109江山喇叭底|Z11592072江山贺村汇聚LY信源池三-Z5H|Z11592733江山贺村汇聚LY信源池五-Z5H|Z11592067江山贺村汇聚LY信源池六-Z5H|Z11592146江山喇叭山路口-Z5H|Z11592488江山贺村汇聚LY信源池九-Z5H|Z11592638江山贺村汇聚LY信源池十-Z5H|Z11592639江山贺村汇聚LY信源池十一-Z5H|Z11594194-江山贺村汇聚CRAN-Z5H|Z11594189-江山贺村汇聚CRAN-Z5H",,tunnel3101,QUZUPFm001BZX-SM-DCGW-01,5G专网,,,,,,,,,,,,,,,,,,,,,,,,,,,,,,,,,,,,,,,,,,,,,,,,,,,,,,,,,,,,,,,,,,,,,,,,,,,,,,,,,,,,,,,,,,,,,,,,,,,,,,,,,,,,,,,,,,,,,,,,,,,,,,,,,,,,,,,,,,,,,,,,,,,,,,,,,,,,,,,,,,,,,,,,,,,,,,,,,,,,,,,,,,,,,,,,,,,,,,,,,,,,,,,,,,,,,,,,,,,,,,,,,,,,,,,,,,,,,,,,,,
cmiot5ggnnbnh1.zj,国能浙江宁海发电有限公司5G专网租赁服务项目,宁波,宁海县,NBONHGNUPFm002CHW|NBONHGNUPFm001CHW,Z11550574宁波宁海国华电厂政企NR|Z115509213292-宁波宁海国华电厂2机房CRAN-Z5H,,无隧道,NBONHGNUPFm001CHW_DCGW01|NBONHGNUPFm001CHW_DCGW02,5G专网,,,,,,,,,,,,,,,,,,,,,,,,,,,,,,,,,,,,,,,,,,,,,,,,,,,,,,,,,,,,,,,,,,,,,,,,,,,,,,,,,,,,,,,,,,,,,,,,,,,,,,,,,,,,,,,,,,,,,,,,,,,,,,,,,,,,,,,,,,,,,,,,,,,,,,,,,,,,,,,,,,,,,,,,,,,,,,,,,,,,,,,,,,,,,,,,,,,,,,,,,,,,,,,,,,,,,,,,,,,,,,,,,,,,,,,,,,,,,,,,,,
cmiot5gjxzsnb.zj,建新赵氏科技股份有限公司5G项目,宁波,宁海县,NBOUPFm002BHW|NBOUPFm001BHW,Z11551270宁波宁海电镀城机房CRAN|Z11551272宁波宁海电镀城机房CRAN|Z11551315-宁波宁海建新赵氏集团-Z5W|Z11551451-宁波宁海电镀城节点机房CRAN-Z5H|Z11551487-宁波宁海第三医院-Z5W,,tunnel170,ZJNBO_YSL2F_C12_NBOUPFm002BHW_DCGW01|ZJNBO_YSL2F_D12_NBOUPFm002BHW_DCGW02,5G专网,,,,,,,,,,,,,,,,,,,,,,,,,,,,,,,,,,,,,,,,,,,,,,,,,,,,,,,,,,,,,,,,,,,,,,,,,,,,,,,,,,,,,,,,,,,,,,,,,,,,,,,,,,,,,,,,,,,,,,,,,,,,,,,,,,,,,,,,,,,,,,,,,,,,,,,,,,,,,,,,,,,,,,,,,,,,,,,,,,,,,,,,,,,,,,,,,,,,,,,,,,,,,,,,,,,,,,,,,,,,,,,,,,,,,,,,,,,,,,,,,,
cmiot5gjhwclpqcgc.zj,零跑汽车5G专网,金华,婺城区,JIHUPFm001BHW|JIHUPFm002BHW,H11702371-金华浦江吉成产业园南区-H5W,,tunnel68,JZJHA_YSN#4F_F01_JHAUPFm001BHW_DCGW01|JZJHA_YSN#4F_G01_JHAUPFm001BHW_DCGW02,5G专网,,,,,,,,,,,,,,,,,,,,,,,,,,,,,,,,,,,,,,,,,,,,,,,,,,,,,,,,,,,,,,,,,,,,,,,,,,,,,,,,,,,,,,,,,,,,,,,,,,,,,,,,,,,,,,,,,,,,,,,,,,,,,,,,,,,,,,,,,,,,,,,,,,,,,,,,,,,,,,,,,,,,,,,,,,,,,,,,,,,,,,,,,,,,,,,,,,,,,,,,,,,,,,,,,,,,,,,,,,,,,,,,,,,,,,,,,,,,,,,,,,
cmiot5ggjly.zj,宁波市计量测试研究院,宁波,鄞州区,NBOUPFm002BHW|NBOUPFm001BHW,H11553585宁波鄞州质监服务SFNR,,tunnel167,ZJNBO_YSL2F_C12_NBOUPFm002BHW_DCGW01|ZJNBO_YSL2F_D12_NBOUPFm002BHW_DCGW02,5G专网,,,,,,,,,,,,,,,,,,,,,,,,,,,,,,,,,,,,,,,,,,,,,,,,,,,,,,,,,,,,,,,,,,,,,,,,,,,,,,,,,,,,,,,,,,,,,,,,,,,,,,,,,,,,,,,,,,,,,,,,,,,,,,,,,,,,,,,,,,,,,,,,,,,,,,,,,,,,,,,,,,,,,,,,,,,,,,,,,,,,,,,,,,,,,,,,,,,,,,,,,,,,,,,,,,,,,,,,,,,,,,,,,,,,,,,,,,,,,,,,,,
cmiot5gymdcnb.zj,浙江野马电池5G工厂项目,宁波,镇海区,NBOUPFm002BHW|NBOUPFm001BHW,H11552525宁波镇海野马电池股份有限公司政企SFNR|H11678396-宁波镇海田胡节点机房CRAN-H5H,,tunnel138,ZJNBO_YSL2F_C12_NBOUPFm002BHW_DCGW01|ZJNBO_YSL2F_D12_NBOUPFm002BHW_DCGW02,5G专网,,,,,,,,,,,,,,,,,,,,,,,,,,,,,,,,,,,,,,,,,,,,,,,,,,,,,,,,,,,,,,,,,,,,,,,,,,,,,,,,,,,,,,,,,,,,,,,,,,,,,,,,,,,,,,,,,,,,,,,,,,,,,,,,,,,,,,,,,,,,,,,,,,,,,,,,,,,,,,,,,,,,,,,,,,,,,,,,,,,,,,,,,,,,,,,,,,,,,,,,,,,,,,,,,,,,,,,,,,,,,,,,,,,,,,,,,,,,,,,,,,
cmiot5gyyzldznb.zj,宁波志伦电子5G+智能化工厂建设项目,宁波,余姚市,NBOUPFm002BHW|NBOUPFm001BHW,H11549660_宁波余姚凤翔路节点CRAN|H11549658_宁波余姚凤翔路节点CRAN,,,ZJNBO_YSL2F_C12_NBOUPFm002BHW_DCGW01|ZJNBO_YSL2F_D12_NBOUPFm002BHW_DCGW02,5G专网,,,,,,,,,,,,,,,,,,,,,,,,,,,,,,,,,,,,,,,,,,,,,,,,,,,,,,,,,,,,,,,,,,,,,,,,,,,,,,,,,,,,,,,,,,,,,,,,,,,,,,,,,,,,,,,,,,,,,,,,,,,,,,,,,,,,,,,,,,,,,,,,,,,,,,,,,,,,,,,,,,,,,,,,,,,,,,,,,,,,,,,,,,,,,,,,,,,,,,,,,,,,,,,,,,,,,,,,,,,,,,,,,,,,,,,,,,,,,,,,,,
cmiot5gjfdz3.zj,宁波绿菱新材料科技有限公司订购5G专网专享开通业务,宁波,余姚市,NBOUPFm002BHW|NBOUPFm001BHW,H11552806宁波余姚凤山街道达环路东政企NR,,,ZJNBO_YSL2F_C12_NBOUPFm002BHW_DCGW01|ZJNBO_YSL2F_D12_NBOUPFm002BHW_DCGW02,5G专网,,,,,,,,,,,,,,,,,,,,,,,,,,,,,,,,,,,,,,,,,,,,,,,,,,,,,,,,,,,,,,,,,,,,,,,,,,,,,,,,,,,,,,,,,,,,,,,,,,,,,,,,,,,,,,,,,,,,,,,,,,,,,,,,,,,,,,,,,,,,,,,,,,,,,,,,,,,,,,,,,,,,,,,,,,,,,,,,,,,,,,,,,,,,,,,,,,,,,,,,,,,,,,,,,,,,,,,,,,,,,,,,,,,,,,,,,,,,,,,,,,
cmiot5ggaczydnb.zj,宁波市公安局5G移动接处警设备联网项目,宁波,鄞州区,NBOUPFm002BHW|NBOUPFm001BHW,Z11551270宁波宁海电镀城机房政企CRAN,,tunnel171,ZJNBO_YSL2F_C12_NBOUPFm002BHW_DCGW01|ZJNBO_YSL2F_D12_NBOUPFm002BHW_DCGW02,5G专网,,,,,,,,,,,,,,,,,,,,,,,,,,,,,,,,,,,,,,,,,,,,,,,,,,,,,,,,,,,,,,,,,,,,,,,,,,,,,,,,,,,,,,,,,,,,,,,,,,,,,,,,,,,,,,,,,,,,,,,,,,,,,,,,,,,,,,,,,,,,,,,,,,,,,,,,,,,,,,,,,,,,,,,,,,,,,,,,,,,,,,,,,,,,,,,,,,,,,,,,,,,,,,,,,,,,,,,,,,,,,,,,,,,,,,,,,,,,,,,,,,
cmiot5gwzlwgsjj.zj,温州高速交警5G专网,温州,龙湾区,WZHUPFm001BHW|WZHUPFm002BHW,,,tunnel131,"ZJWZH_BH#2F_B11_WZHUPFM01BHW_DCGW01|ZJWZH_BH#2F_A13_WZHUPFM01BHW_DCGW02
",5G专网,,,,,,,,,,,,,,,,,,,,,,,,,,,,,,,,,,,,,,,,,,,,,,,,,,,,,,,,,,,,,,,,,,,,,,,,,,,,,,,,,,,,,,,,,,,,,,,,,,,,,,,,,,,,,,,,,,,,,,,,,,,,,,,,,,,,,,,,,,,,,,,,,,,,,,,,,,,,,,,,,,,,,,,,,,,,,,,,,,,,,,,,,,,,,,,,,,,,,,,,,,,,,,,,,,,,,,,,,,,,,,,,,,,,,,,,,,,,,,,,,,
cmiot5gwzlczhzf.zj,温州市鹿城区综合行政执法局执法记录仪5G专网,温州,鹿城区,WZHUPFm001BHW|WZHUPFm002BHW,,,tunnel155,"ZJWZH_BH#2F_B11_WZHUPFM01BHW_DCGW01|ZJWZH_BH#2F_A13_WZHUPFM01BHW_DCGW02
",5G专网,,,,,,,,,,,,,,,,,,,,,,,,,,,,,,,,,,,,,,,,,,,,,,,,,,,,,,,,,,,,,,,,,,,,,,,,,,,,,,,,,,,,,,,,,,,,,,,,,,,,,,,,,,,,,,,,,,,,,,,,,,,,,,,,,,,,,,,,,,,,,,,,,,,,,,,,,,,,,,,,,,,,,,,,,,,,,,,,,,,,,,,,,,,,,,,,,,,,,,,,,,,,,,,,,,,,,,,,,,,,,,,,,,,,,,,,,,,,,,,,,,
cmiot5gqzlywdit.zj,维达纸业（浙江）有限公司“5G+未来工厂”5G专网项目,衢州,龙游县,QUZLYWDZYUPFm001CZX,Z11594581-龙游维达-Z5H,,无隧道,QUZUPFm001BZX-SM-DCGW-01,5G专网,,,,,,,,,,,,,,,,,,,,,,,,,,,,,,,,,,,,,,,,,,,,,,,,,,,,,,,,,,,,,,,,,,,,,,,,,,,,,,,,,,,,,,,,,,,,,,,,,,,,,,,,,,,,,,,,,,,,,,,,,,,,,,,,,,,,,,,,,,,,,,,,,,,,,,,,,,,,,,,,,,,,,,,,,,,,,,,,,,,,,,,,,,,,,,,,,,,,,,,,,,,,,,,,,,,,,,,,,,,,,,,,,,,,,,,,,,,,,,,,,,
cmiot5gjhwchcdz.zj,浙江宏昌电器科技股份有限公司5G项目,金华,婺城区,JIHUPFm001BHW|JIHUPFm002BHW,H11570610-金华婺城汽摩配质检-H5W,,tunnel95,JZJHA_YSN#4F_F01_JHAUPFm001BHW_DCGW01|JZJHA_YSN#4F_G01_JHAUPFm001BHW_DCGW02,5G专网,,,,,,,,,,,,,,,,,,,,,,,,,,,,,,,,,,,,,,,,,,,,,,,,,,,,,,,,,,,,,,,,,,,,,,,,,,,,,,,,,,,,,,,,,,,,,,,,,,,,,,,,,,,,,,,,,,,,,,,,,,,,,,,,,,,,,,,,,,,,,,,,,,,,,,,,,,,,,,,,,,,,,,,,,,,,,,,,,,,,,,,,,,,,,,,,,,,,,,,,,,,,,,,,,,,,,,,,,,,,,,,,,,,,,,,,,,,,,,,,,,
cmiot5ghzxsfdc.zj,杭州浙江浙能电力股份有限公司萧山发电厂5G专网项目,杭州,萧山区,HZUPFm001BHW|HZUPFm002BHW,,,tunnel138,ZJHZ_CYY4#6F_J21_HZUPFm001BHW_DCGW01|ZJHZ_CYY4#6F_I24_HZUPFm001BHW_DCGW02,5G专网,,,,,,,,,,,,,,,,,,,,,,,,,,,,,,,,,,,,,,,,,,,,,,,,,,,,,,,,,,,,,,,,,,,,,,,,,,,,,,,,,,,,,,,,,,,,,,,,,,,,,,,,,,,,,,,,,,,,,,,,,,,,,,,,,,,,,,,,,,,,,,,,,,,,,,,,,,,,,,,,,,,,,,,,,,,,,,,,,,,,,,,,,,,,,,,,,,,,,,,,,,,,,,,,,,,,,,,,,,,,,,,,,,,,,,,,,,,,,,,,,,
cmiot5gwssdc.zj,浙江大唐乌沙山电厂5G专网全覆盖项目,宁波,象山县,NBOWSSDCUPFm001CHW|NBOWSSDCUPFm002CHW,Z11550709宁波象山司前NR|Z11550853宁波象山西周安置区机房CRAN|Z11550904宁波象山西周乌沙村政企,,,NBOWSSDCUPFm001CHW_DCGW01,5G专网,,,,,,,,,,,,,,,,,,,,,,,,,,,,,,,,,,,,,,,,,,,,,,,,,,,,,,,,,,,,,,,,,,,,,,,,,,,,,,,,,,,,,,,,,,,,,,,,,,,,,,,,,,,,,,,,,,,,,,,,,,,,,,,,,,,,,,,,,,,,,,,,,,,,,,,,,,,,,,,,,,,,,,,,,,,,,,,,,,,,,,,,,,,,,,,,,,,,,,,,,,,,,,,,,,,,,,,,,,,,,,,,,,,,,,,,,,,,,,,,,,
cmiot5glsjstzw3.zj,国网浙江省电力有限公司紧水滩水力发电厂,丽水,莲都区,LSHUPFm001BZX|LSHUPFm002BZX,,,tunnel133,LSHUPFm001BZX-SM-DCGW-01|LSHUPFm002BZX-SM-DCGW-01,5G专网,,,,,,,,,,,,,,,,,,,,,,,,,,,,,,,,,,,,,,,,,,,,,,,,,,,,,,,,,,,,,,,,,,,,,,,,,,,,,,,,,,,,,,,,,,,,,,,,,,,,,,,,,,,,,,,,,,,,,,,,,,,,,,,,,,,,,,,,,,,,,,,,,,,,,,,,,,,,,,,,,,,,,,,,,,,,,,,,,,,,,,,,,,,,,,,,,,,,,,,,,,,,,,,,,,,,,,,,,,,,,,,,,,,,,,,,,,,,,,,,,,
cmiot5gnbikd.zj,宁波爱柯迪股份有限公司5G项目,宁波,江北区,NBOUPFm002BHW|NBOUPFm001BHW,H11547827宁波江北久积科技接入机房政企CRAN|H11547847宁波江北久积科技接入机房CRAN|H11547860宁波江北久积科技接入机房政企CRAN|H11549971宁波江北爱柯迪六号工厂四楼节点政企CRAN|H11549970宁波江北爱柯迪六号工厂四楼节点政企CRAN|H11547830宁波江北爱柯迪5号工厂SFLampsiteNR|H11547891宁波江北久积科技接入机房政企CRAN|H11552771宁波江北爱柯迪6号工厂政企SFNR|H11553072宁波江北爱柯迪6号工厂A楼内政企DRAN,宁波鄞县二-宁波市江北区JB爱柯迪股份有限公司（爱柯迪新三厂）FE0001KA/P|宁波院士路-宁波市江北区JB爱柯迪股份有限公司（爱柯迪新三厂）FE0001KA/P,tunnel3,ZJNBO_YSL2F_C12_NBOUPFm002BHW_DCGW01|ZJNBO_YSL2F_D12_NBOUPFm002BHW_DCGW02,5G专网,21403490817@chatroom,128-2C7FFF,,,,,,,,,,,,,,,,,,,,,,,,,,,,,,,,,,,,,,,,,,,,,,,,,,,,,,,,,,,,,,,,,,,,,,,,,,,,,,,,,,,,,,,,,,,,,,,,,,,,,,,,,,,,,,,,,,,,,,,,,,,,,,,,,,,,,,,,,,,,,,,,,,,,,,,,,,,,,,,,,,,,,,,,,,,,,,,,,,,,,,,,,,,,,,,,,,,,,,,,,,,,,,,,,,,,,,,,,,,,,,,,,,,,,,,,,,,,,,,,
cmiot5ghdjtdclc.zj,横店东磁六厂,金华,东阳市,JIHUPFm001BHW|JIHUPFm002BHW,H11569470金华东阳看守所SFNR-2B辅站|H11572366东阳横店光伏园NR-2B辅站|H11569480-东阳横店东磁电池片七厂南北厂区-H5W-4.9G-2B主站|H11574291金华东阳横店东磁电池片六厂SFNR-2B主站,金华二枢纽-东阳横店集团东磁股份有限公司（电池片六厂）FE0001KA/P,tunnel128,JZJHA_YSN#4F_F01_JHAUPFm001BHW_DCGW01|JZJHA_YSN#4F_G01_JHAUPFm001BHW_DCGW02,5G专网,17561746264@chatroom,128-2C7FFF,,,,,,,,,,,,,,,,,,,,,,,,,,,,,,,,,,,,,,,,,,,,,,,,,,,,,,,,,,,,,,,,,,,,,,,,,,,,,,,,,,,,,,,,,,,,,,,,,,,,,,,,,,,,,,,,,,,,,,,,,,,,,,,,,,,,,,,,,,,,,,,,,,,,,,,,,,,,,,,,,,,,,,,,,,,,,,,,,,,,,,,,,,,,,,,,,,,,,,,,,,,,,,,,,,,,,,,,,,,,,,,,,,,,,,,,,,,,,,,,
cmiot5ghdjtdcqc.zj,横店东磁七厂,金华,东阳市,JIHUPFm001BHW|JIHUPFm002BHW,H11569470金华东阳看守所SFNR-2B辅站|H11572366东阳横店光伏园NR-2B辅站|H11569476-东阳横店东磁电池片七厂-H5W-2B主站|H11569480-东阳横店东磁电池片七厂南北厂区-H5W-4.9G-2B主站,金华二枢纽-东阳横店集团东磁股份有限公司（电池片六厂）FE0002KA/P,tunnel136,JZJHA_YSN#4F_F01_JHAUPFm001BHW_DCGW01|JZJHA_YSN#4F_G01_JHAUPFm001BHW_DCGW02,5G专网,17561746264@chatroom,128-2C710A,,,,,,,,,,,,,,,,,,,,,,,,,,,,,,,,,,,,,,,,,,,,,,,,,,,,,,,,,,,,,,,,,,,,,,,,,,,,,,,,,,,,,,,,,,,,,,,,,,,,,,,,,,,,,,,,,,,,,,,,,,,,,,,,,,,,,,,,,,,,,,,,,,,,,,,,,,,,,,,,,,,,,,,,,,,,,,,,,,,,,,,,,,,,,,,,,,,,,,,,,,,,,,,,,,,,,,,,,,,,,,,,,,,,,,,,,,,,,,,,
cmiot5gzhlhnb.zj,浙江宁波镇海炼化5G智慧园区项目,宁波,镇海,NBOZHLHUPFm001CHW,H11554543-宁波镇海炼化乙烯部分中控室移动机房CRAN-H5H|H11553191宁波镇海炼化生产管理中心SFlampsiteNR|H11553709-宁波镇海炼化乙烯部分中控室移动机房CRAN-H5H|H11553710-宁波镇海炼化乙烯部分中控室移动机房CRAN-H5H|H11553711-宁波镇海炼化乙烯部分中控室移动机房CRAN-H5H|H11553681-宁波镇海炼化乙烯部分中控室移动机房CRAN-H5H|H11554693-宁波镇海炼化乙烯部分中控室移动机房CRAN-H5H|H11550497-宁波镇海炼化乙烯部分中控室移动机房CRAN-H5X,,,,5G专网,21403490817@chatroom,128-2C70E1,,,,,,,,,,,,,,,,,,,,,,,,,,,,,,,,,,,,,,,,,,,,,,,,,,,,,,,,,,,,,,,,,,,,,,,,,,,,,,,,,,,,,,,,,,,,,,,,,,,,,,,,,,,,,,,,,,,,,,,,,,,,,,,,,,,,,,,,,,,,,,,,,,,,,,,,,,,,,,,,,,,,,,,,,,,,,,,,,,,,,,,,,,,,,,,,,,,,,,,,,,,,,,,,,,,,,,,,,,,,,,,,,,,,,,,,,,,,,,,,
cmiot5gzhlhbnb.zj,浙江宁波镇海炼化5G智慧园区项目2,宁波,镇海,NBOZHLHUPFm001CHW,H11554543-宁波镇海炼化乙烯部分中控室移动机房CRAN-H5H|H11553191宁波镇海炼化生产管理中心SFlampsiteNR|H11553709-宁波镇海炼化乙烯部分中控室移动机房CRAN-H5H|H11553710-宁波镇海炼化乙烯部分中控室移动机房CRAN-H5H|H11553711-宁波镇海炼化乙烯部分中控室移动机房CRAN-H5H|H11553681-宁波镇海炼化乙烯部分中控室移动机房CRAN-H5H|H11554693-宁波镇海炼化乙烯部分中控室移动机房CRAN-H5H|H11550497-宁波镇海炼化乙烯部分中控室移动机房CRAN-H5X,,,NBOZHLHUPFm001CHW_DCGW01|NBOZHLHUPFm001CHW_DCGW02,5G专网,21403490817@chatroom,128-2C70E1,,,,,,,,,,,,,,,,,,,,,,,,,,,,,,,,,,,,,,,,,,,,,,,,,,,,,,,,,,,,,,,,,,,,,,,,,,,,,,,,,,,,,,,,,,,,,,,,,,,,,,,,,,,,,,,,,,,,,,,,,,,,,,,,,,,,,,,,,,,,,,,,,,,,,,,,,,,,,,,,,,,,,,,,,,,,,,,,,,,,,,,,,,,,,,,,,,,,,,,,,,,,,,,,,,,,,,,,,,,,,,,,,,,,,,,,,,,,,,,,
cmiot5gwzhxsjcj.zj,温州合兴数据采集,温州,乐清市,WZHUPFm001BHW|WZHUPFm002BHW,H11559919乐清虹桥合兴工业园_GNODEB|H11563000温州乐清虹桥合兴集团SF_GNODEB|H11559924乐清虹桥过境公路北村_GNODEB,温州滨海-乐清市虹桥镇合兴汽车电子股份公司FE0001KA/P,,ZJWZH_BH#2F_B11_WZHUPFM01BHW_DCGW01|ZJWZH_BH#2F_A13_WZHUPFM01BHW_DCGW02,5G专网,18990848990@chatroom,128-2C7FFF,,,,,,,,,,,,,,,,,,,,,,,,,,,,,,,,,,,,,,,,,,,,,,,,,,,,,,,,,,,,,,,,,,,,,,,,,,,,,,,,,,,,,,,,,,,,,,,,,,,,,,,,,,,,,,,,,,,,,,,,,,,,,,,,,,,,,,,,,,,,,,,,,,,,,,,,,,,,,,,,,,,,,,,,,,,,,,,,,,,,,,,,,,,,,,,,,,,,,,,,,,,,,,,,,,,,,,,,,,,,,,,,,,,,,,,,,,,,,,,,
cmiot5gzghygc.zj,杭州紫光恒越萧山5G智慧工厂项目,杭州,萧山区,HZZGHYGCUPFm001CHW,H11546204萧山紫光恒越工厂LSFNR|H11546205萧山紫光恒越工厂LSFNR,无专线,无隧道,HZZGHYGCUPFm001CHW_DCGW01|HZZGHYGCUPFm001CHW_DCGW02,5G专网,17938349893@chatroom,128-2C5085,,,,,,,,,,,,,,,,,,,,,,,,,,,,,,,,,,,,,,,,,,,,,,,,,,,,,,,,,,,,,,,,,,,,,,,,,,,,,,,,,,,,,,,,,,,,,,,,,,,,,,,,,,,,,,,,,,,,,,,,,,,,,,,,,,,,,,,,,,,,,,,,,,,,,,,,,,,,,,,,,,,,,,,,,,,,,,,,,,,,,,,,,,,,,,,,,,,,,,,,,,,,,,,,,,,,,,,,,,,,,,,,,,,,,,,,,,,,,,,,
